10minutes,李孝利
2010世界杯主题曲,wakawaka
2012社会磕,"DJ,洪磊,MC"
2013社会磕,"洪磊,MC"
21Guns,GreenDay
指挥战歌,德国战车
"Amorecaro,amorebello",RichardClayderman
7Days,CraigDavid
93MillionMiles,JasonMraz
99次我爱他,元若蓝
ACityOfSadness,神思者
ADayWithoutRain,Enya
AINY爱你,G.E.M.邓紫棋
ALittleInspiration,JoDeLaRosa
ALoadedSmile,AdamLambert
ANewDayHasCome,CélineDion
APlaceNearby,LeneMarlin
AfterTonight,G.E.M.邓紫棋
Al'envers,Rose
AllAboutU,G.E.M.邓紫棋
AllByMyself,姚贝娜
AllByMyself,CélineDion
AllOverAgain,RonanKeating
AllRise,Blue
AllTooWell,TaylorSwift
AlmostLover,AFineFrenzy
AlwaysComeBackToYourLove,SamanthaMumba
AmIWrong,Nico&Vinz
AmazingGrace,HayleyWestenra
AmazingGrace,林育群
AnAngel,DeclanGalbraith
AngelBell,久石让
Angels,RobbieWilliams
AnotherWayToDie,AliciaKeys
AnyManOfMine,ShaniaTwain
AreYouReady,"张惠妹,李琦,塔斯肯,刘雅婷,王拓"
Ariari,李贞贤
AsIMovedOn,BlueFoundation
AsLongAsYouLoveMe,"JustinBieber,BigSean"
AsLongAsYouLoveMe,JustinBieber
BAMBAMBAM嘣嘣嘣,DJ舞曲
"Baby,Don'tCry",EXO-M
"Baby,IMNotSureIfThisIsLove",Club8
BabyOneMoreTime,BritneySpears
BackAtOne,BrianMcknight
BadBoy,张惠妹
BadDay,DanielPowter
BalladeNo.2InBMinor第二号叙事曲,Maksim
BambooDance,和平之月
BarbieGirl,Aqua
BeatIt,迈克尔杰克逊
BeautifulDirtyRich,LadyGaga
BeautifulInWhite,ShaneFilan
BeautifulLight,金志文
BeautifulOnes,Suede
BeautifulPeople,"ChrisBrown,BennyBenassi"
BeautifulWorld,Westlife
BeautifulWorld,宇多田光
BeautyAndABeat,JustinBieber
BecauseOfYou,Ne-Yo
BelieveMe,FortMinor
BetterInTime,LeonaLewis
BetterTogether,JackJohnson
Bewhatyouwannabe,Darin
BeyondTheGame,游戏原声
BigBigWorld,Emilia
BillyJean,迈克尔杰克逊
BingBing,CrayonPop
Bitchin'Summer,AvrilLavigne
Black&Blue,ChrisGarneau
BlackOrWhite,MichaelJackson
BlackStallion,GeorgeWinston
BleedingLove,萱萱
BleedingLove,LeonaLewis
Blossom/Meadow,GeorgeWinston
BlowingInTheWind,BobDylan
Blowin’InTheWind,BobDylan
BlurredLines,"RobinThicke,Pharrell,T.I."
BohemianRhapsody,Queen
BoomBoomBoom,王绎龙
BornToDie,LanaDelRey
BoulevardOfBrokenDreams,GreenDay
BoysBoysBoys,LadyGaga
BreakDown,SuperJunior-M
BreathandLife,Audiomachine
BreezeFromTheSea,自然与神思合奏团
BrotherLouie,ModernTalking
BrownEyes,LadyGaga
BurningInTheSkies,LinkinPark
Burnitdown,LinkinPark
ByTheWay,RedHotChiliPeppers
ByeBye,MariahCarey
ByeByeBeautiful,Nightwish
CaliforniaDreaming,TheMamas&ThePapas
CaliforniaDreaming,North
CaliforniaGurls,"KatyPerry,SnoopDogg"
CaliforniaKingBed,Rihanna
CallYouTonight,WhitneyHouston
Callyourname,泽野弘之
Can'TGetOverYou,GrooveCoverage
Can'TTakeMyEyesOffYou,王若琳
Can'tRemembertoForgetYou,Shakira
CanTGetYouOutOfMyHead,KylieMinogue
CanYouFeelIt,JeanRoch
CanYouFeelMyWorld,王力宏
CanYouFeelTheLoveTonight,EltonJohn
CanonInD-II,"Pachelbel,RenaissanceEnsemble"
CanonandGigueinDmajorfor3violinsandbassocontinuo,VariousArtists
Can’tHoldUs,Macklemore&RyanLewis
CarelessWhisper,GeorgeMichael
CeFrumoasaEIubirea,Giulia
ChariotsOfFire,Vangelis
ChildhooodMemory,Bandari
ChristmasInMyHeart,SarahConnor
CloseToYou,Carpenters
ColdAsYou,TaylorSwift
ColorfulDays,朴树
ComeAndGetYourLove,Redbone
ComingHome,DiddyDirtyMoney
ConquestOfParadise,Vangelis
CouldThisBeLove,VictoriaAcosta
CountOnMe,BrunoMars
CountYourLastBlessings,Sum41
CrazyInLove,Beyonce
CrazyKids,Ke$ha
Creepin'UpOnYou,DarrenHayes
CroatianRhapsody,Maksim
CryOnMyShoulder,DeutschlandsuchtdenSuperstar
DJ版漂亮的姑娘就要嫁人啦,"龙梅子,老猫"
DancingInTheRain,水木年华
DanzaKuduro,DonOmar
DarkParadise,LanaDelRey
DearFriend,顺子
DjGotUsFallin'InLove,"Usher,Pitbull,Hypercrush"
DjGotUsFallin'InLove,"Usher,Pitbull"
Dj舞曲凤舞九天,群星
DoYouWanttoBuildaSnowman,"KristenBell,AgathaLeeMonn"
Don'TCry,GunsN'Roses
Don'TWannaGoHome,JasonDerulo
DonGiovanni,RichardClayderman
DonTBreakMyHeart,黑豹乐队
DonTKnowWhy,NorahJones
DonTTreatMeLikeAFool,Blue
Don’TTurnOffTheLights,EnriqueIglesias
Doo-Be-Di-Boy,Smile
DragonRider,TwoStepsFromHell
"Drama,Love&'Lationships",Babyface
DreamingInTheMoonlight梦于月光中,Bandari
DreamsWillNeverDie,Isgaard
DuHast,rammstein
DyingInTheSun,TheCranberries
D大调嬉游曲,胎教音乐
EPensoate,RichardClayderman
EarthSong,MichaelJackson
EasyComeEasyGo,"蔡健雅,MCHotdog"
EchoesOfTheRainbow,李治廷
EenieMeenie,"JustinBieber,SeanKingston"
"Eh,Eh",LadyGaga
EinkleinesLied,candee
ElectricRomeo,ImmediateMusic
EndCredits,HansZimmer
Europa(???）,少女时代
EveryBreathYouTake,"田园,唐荭菲"
EveryBreathYouTake,ThePolice
EverybodyHurts,AvrilLavigne
EverythingHasChanged,TaylorSwift
EyesOnMe,王菲
FadeToBlack,Metallica
FairyTale,ToniBraxton
FallinForYou,ColbieCaillat
FallingSlowly,LindaEder
FeelThisMoment,"Pitbull,ChristinaAguilera"
FindTheWay,中岛美嘉
FirstLove,宇多田光
FirstLove,T-ara
FiveHundredMiles,"JustinTimberlake,StarkSands,CareyMulligan"
FlowerDance,DJOKAWARI
FlyAway,飞儿乐团
FootballKids,Club8
FootprintsInTheSand,LeonaLewis
FootprintsInTheSand,萱萱
ForNoReason,王若琳
ForbiddenLove,神思者
ForeverLove,茜拉
FortheFirstTimeinForever,VariousArtists
FortheWin,TwoStepsFromHell
FragrantFields,GeorgeWinston
FreeLoop,DanielPowter
FucKin'Perfect,Pink
FuckYou,LilyAllen
GALAXYSUPERNOVA,少女时代
GatesOfDawn,SecretGarden
GetDown,BackstreetBoys
GetOverYou,G.E.M.邓紫棋
GetUpOffaThatThing,JamesBrown
GoingHome,KennyG
GoingHome,SophieZelmani
GoingOut,久石让
GoodbyeMontana-Part2,GeorgeWinston
GoodbyeMyLover,JamesBlunt
GoodtobeBad,G.E.M.邓紫棋
GottaHaveYou,Theweepies
GreekMeditation希腊冥想曲,Bandari
GuiltyAllTheSame,"LinkinPark,Rakim"
GuitarSound,RonaldJenkees
HallOfFame,"TheScript,will.i.am"
HandHold,曲婉婷
HandsOnTheRadio,ChrisGarneau
HandsUp举手狂欢,2PM
HarderBetterFasterStronger,DaftPunk
HarderToBreathe,Maroon5
HaveANiceDay,FredCoury
HealTheWorld,MichaelJackson
HeartAndSoul,KennyG
HeartAttack,EXO-M
HeartofCourage,TwoStepsFromHell
HeavenOnEarth人间天上,Bandari
Heaven’sDay,东方神起
HelloDolly,小野丽莎
HelloSeattle,OwlCity
HereWeAreAgain,电影原声
HereWithYou,AsherBook
Hero'sTheme,StevenBurke
HeyBaby,Pitbull
HeyGirlDon'TBotherMe,TheTams
HeyOh,Tragedie
HisMistakes,Usher
HolyVirgin,GrooveCoverage
HoneyHoney,孙燕姿
HotSummer,f
HowDeepIsYourLove,BeeGees
HushHush,AvrilLavigne
HushHush,ThePussycatDolls
I'MGonnaGetchaGood!,ShaniaTwain
I'MOuttaLove,Anastacia
I'MSorryThatTheKitchenIsOnFire,TamasWells
I'VeNeverBeenToMe,Charlene
I'llBeBack,2PM
I'mYours,JasonMraz
IBelieve,孙楠
IBelieve,我的野蛮女友
IBelieve,纯音乐
IBelieveICanFly,R.Kelly
IBelieveICanFly,邓鼓
ICan't,2PM
ICouldBeTheOne,DonnaLewis
IGotYou,JamesBrown
IHateMyselfForLovingYou,刘雅婷
IHateMyselfForLovingYou,JoanJett&theBlackhearts
IHaveNothing,WhitneyHouston
IHaveNothing,田丹
IJustCalledToSayILoveYou,StevieWonder
ILoveIt,IconaPop
ILoveYou,StewartMac
IMissU,本兮
INeedADoctor,Eminem
INeedYou,Westlife
INeedYourLove,"EllieGoulding,CalvinHarris"
ISayALittlePrayer,ArethaFranklin
IStayInLove,MariahCarey
IStillBelieve,MariahCarey
ISwear,TheMinions
IWannaBeWithYou,BackstreetBoys
IWantItThatWay,BackstreetBoys
IWantMyTearsBack,Nightwish
IWill,biancaryan
IWon'tGiveUp,JasonMraz
IchWill,rammstein
IfEveryoneCared,Nickelback
IfICouldFly,JoeSatriani
IfICouldTellYou,Yanni
IfIDieYoung,TheBandPerry
IfILetYouGo,Westlife
IfOnlyYou,DannySaucedo
IfYouWantMe,"MarketaIrglova,GlenHansard"
InTheEnd,LinkinPark
InTheMorningLight,Yanni
InYourHands,JasonMraz
InternationalLove,"Pitbull,ChrisBrown"
Islands,SuperJunior
It'sMyLife,BonJovi
It'sMyParty,JessieJ
ItShouldBeEasy,BritneySpears
JasmineFlower茉莉花,KennyG
Jeanny珍妮,罗百吉
JingleBells,Carpenters
JustCan’TGetEnough,TheBlackEyedPeas
JustOneLastDance,SarahConnor
KeepWalkingorI'llKillYou,AgnesKain
KissGoodbye,王力宏
KnockKnock,Lenka
Knockin'OnHeaven'sDoor,毕夏
KnockinOnHeavenSDoor,AvrilLavigne
KnockingOnHeaven’SDoor,BobDylan
LOVEYOULIKEALOVESONG,"SelenaGomez,theScene"
LaBalladeOfLady&Bird,Lady&Bird
LaChaTa,f
LaIslaBonita,Madonna
LaVieEnRose,LouisArmstrong
LaVieEnRose玫瑰人生,小野丽莎
LadyMarmalade,"ChristinaAguilera,Lil'Kim,Mya,Pink"
LargerThanLife,MichaelLington
LastOfTheWilds,Nightwish
LatinGirl,JustinBieber
LeaveOutAllTheRest,LinkinPark
LegendaryLovers,KatyPerry
LemonTree,FoolSGarden
Let'sStartFromHere,王若琳
LetItBe,TheBeatles
LetItGo,"VariousArtists,MarshaMilanLondoh,WillemijnVerkaik,"
LetItRain,Nichkhun
LetMeGo,"AvrilLavigne,ChadKroeger"
Let’sDance,SuperJunior
Liekkas,SofiaJannok
LifeForRent,Dido
LikeTheWind,神思者
LittleGirlInTheWorld,林二汶
LiveTomorrow,Laleh
LivingToLoveYou,SarahConnor
LongLive,TaylorSwift
LongLongJourney,Enya
LoseYourself,Eminem
LostInParadise,王若琳
LoveInDecember,Club8
LoveIsColorblind,SarahConnor
LoveIsanOpenDoor,VariousArtists
LoveIs…,"朴章贤,"
LoveLoveLove,蔡依林
LoveMe,JustinBieber
LoveMotion,李敏镐
LoveOfMyLife一生爱恋,Bandari
LoveStory,泰勒・斯威夫特
LoveStruckMeDown,曲婉婷
LoveTheWayYouLie,"Eminem,Rihanna"
LoveTheWayYouLie,"Rihanna,Eminem"
LoveWillKeepUsAlive,Eagles
LovetheWayYouLie,Rihanna
LovingYou,KennyG
Loyal,"ChrisBrown,LilWayne,FrenchMontana"
LuvLetter,DJOKAWARI
MRTAXI,少女时代
MaBoo,T-ara
MadSummer,久石让
MadWorld,SusanBoyle
MadWorld,AdamLambert
MainTitle,RaminDjawadi
MakeLove,BigBang
MakeYouFeelMyLove,Adele
MakeYouFeelMyLove,张珈铭
MakingLoveOutOfNothingAtAll,AirSupply
MayItBe,Enya
MaybeI'LlGo,LeneMarlin
MeAndMyBrokenHeart,Rixton
MelonStreetBookClub,TamasWells
MeltTheSnow,ShayneWard
Menuett#6,LizStory
MerryGoRound,久石让
MiMiMi,Serebro
MissingYou,"G-Dragon,金润雅"
MissingYou,2NE1
MoonRiver,王若琳
MoonRiver,小野丽莎
MoonlightShadow,GrooveCoverage
MoonlightShadow,DanaWinner
MoreThanAnyone,蔡健雅
Mr.Worldwide,"Pitbull,Vein"
MugamSayagi,KronosQuartet
MurderMyHeart,MichaelBolton
MyAll,滨崎步
MyAll,MariahCarey
MyDecember,LinkinPark
MyDestiny,LYn
MyEverything,李敏镐
MyHappyEnding,AvrilLavigne
MyHeartWillGoOn,CelineDion
MyHeartWillGoOn,KennyG
MyHumps,TheBlackEyedPeas
MyOhMy,Aqua
MySongsKnowWhatYouDid...,FallOutBoy
MySongsKnowWhatYouDidInTheDark,FallOutBoy
MyTurnToCry,EXO
NeverGrowUp,TaylorSwift
NeverHadADreamComeTrue,SClub7
NeverKnow,JackJohnson
NeverSayGoodbye,Mario&Nasty
NeverSayNever,TheFray
NewAgain,"BradPaisley,SaraEvans"
NewBoy,朴树
NewDayComing,自然与神思合奏团
NewDivide,LinkinPark
NewSoul,YaelNaim
NightPrayer,Iridio
NoMatterWhat,Boyzone
NoPromises,ShayneWard
NobodyButYou,BackstreetBoys
NotAfraid,Eminem
Nothing'SGoingToChangeMyLoveForYou,Westlife
Nothing'SGonnaChangeMyLoveForYou,方大同
Nothing'SGonnaChangeMyLoveForYou,GEORGEBENSON
NothingInTheWorld,AtomicKitten
NothingOnYou,邓福如
NuAbo,f
NumbEncore,"林肯公园,Jay-Z,德瑞博士,50美分,艾米纳姆"
OceanWaves,GeorgeWinston
OhBoy,G.E.M.邓紫棋
OnTheFloor,"JenniferLopez,Pitbull"
OnTheRadio,GrooveCoverage
OneDayInSpring,Bandari
OneEvening,Feist
OneLastTime,KellyMack
OneLove,Blue
OneMan'SDream,Yanni
OneTime,JustinBieber
OnlyLove,GrooveCoverage
OnlyLove只有爱,Trademark
OntheFloor,JenniferLopez
OohLaLa,BritneySpears
OohLaLa,Goldfrapp
OurSong,TaylorSwift
OutlawsOfLove,AdamLambert
PSY-江南Style高清官方版,PSY
PalaceMemories,神思者
ParadiseInLove,李敏镐
PartitaForDoubleStringOrchestra:Iv.Fantasia,邓丽君
PartitaForDoubleStringOrchestra:Iv.Fantasia,吉克隽逸
Passionata热情,Maksim
PorUnaCabeza,汤玛斯纽曼
PrettyBaby,HoneyB&T-Bones
PrettyBoy,M2M
PrettyBoy,"泰民,KAI"
PriceTag,"B.o.B,JessieJ"
PrisonerOfLove,宇多田光
ProudOfYou,冯曦妤
QueSeraSera,DorisDay
R.O.D.,"G-Dragon,LydiaPaek"
ROADSUNTRAVELED,LinkinPark
RageYourDream,Move
RatherBe,"CleanBandit,JessGlynne"
RatherBefeat.JessGlynne,CleanBandit
Re:make,OneOkRock
RedneckWoman,GretchenWilson
RememberTheName,FortMinor
RequiemForATower,Escala
ReturnToInnocence,Enigma
RightHereWaiting,RichardMarx
RingRingRing,S.H.E
RingaLinga,太阳
RiverSide,久石让
RollTheDice,高姗
RollingInTheDeep,吉克隽逸
RollingInTheDeep,KimYarbrough
RollingStar,Yui
RunDevilRun,少女时代
RunawayBaby,BrunoMars
SavingAllMyLoveForYou,孟楠
SayItRight,NellyFurtado
"SayYou,SayMe",LionelRichie
ScarborougeFair,霍尊
SeasonsInTheSun,Westlife
SetFiretotherain,茜拉
SevenYears,NorahJones
"Sexy,Free&Single",SuperJunior
Sexymusic+冬天里的一把火,"吉克隽逸,刘昊霖"
ShallWeTalk,陈奕迅
ShapeOfMyHeart,Sting
ShapeOfMyHeart,BackstreetBoys
She'sGone,Steelheart
ShiningFriends,冯曦妤
ShotgunSenorita,BlueStahli
ShouldItMatter,Sissel
ShutUpAndLetMeGo,TheTingTings
Silentnight,BellyGilman
SingleLadies,Beyonce
SmoothCriminal,MichaelJackson
Snow静静的雪,Bandari
SoCold,pauladeanda
SoFar,ChrisGarneau
SoSick,Ne-Yo
SoWhat,P!nk
SomebodyLovesSomebody,CélineDion
SomebodyThatIUsedtoKnow,"Kimbra,Gotye"
SomedayI’llFly,G.E.M.邓紫棋
SomedayWe'llBeTogether,VondaShepard
SomewhereIBelong,LinkinPark
SongFromASecretGarden,SecretGarden
"Sorry,Sorry",SuperJunior
SorrySeemsToBeTheHardestWord,"Blue,EltonJohn"
SoundOfSilence,Ania
SpiritedAway-OneSummer'SDay,久石让
StandByMe,"葛泓语,张珈铭"
StaringattheSun,U2
StayBeautiful,TaylorSwift
StayHereForever,Jewel
"Steppe,EndlessSteppe","St.PetersburgMaleVoiceChoir,VadimAfanasiev"
StillWaiting,Sum41
StoryOfMyLife,BonJovi
StrengthofaThousandMen,TwoStepsFromHell
SummerRoad,久石让
SunshineGirl,moumoon
SunshineInTheRain,BwO
SuperStyle,SpeXial
SupermassiveBlackHole,MUSE
SweetDream,张娜拉
"TakeMeHome,CountryRoads",JohnDenver
"TakeMeHome,CountryRoads",塔斯肯
TakeMeHomeCountryRoads,小野丽莎
TakeMyHand,SimplePlan
TakeYou,JustinBieber
TalkingToTheMoon,BrunoMars
TearsInHeaven,EricClapton
TeenageLife,DazSampson
TellMe,潘玮柏
TellMeWhy,"DeclanGalbraith,TheYoungVoicesChoir"
TellMeWhy,Lafee
ThankYou,Dido
ThatPlaceInYourHeart,RonanHardiman
ThatSWhy,MichaelLearnsToRock
Thatxx,G-Dragon
TheAplSong,TheBlackEyedPeas
TheBest,苏梦玫
TheCupofLife,RickyMartin
TheDawn,Dreamtale
TheDayYouWentAway,M2M
TheDivaDance,贵族乐团
TheEndOfTheWorld,SkeeterDavis
TheEscapist,Nightwish
TheFinalCountdown,Europe
TheFirstCutIsTheDeepest,RodStewart
TheFirstSnowflakes,班得瑞
TheGarden,GeorgeWinston
TheMagnificentSeven,erichkunzel
TheMagnificentSeven-Suite,群星
TheMass,Era
TheOneYouLove,GlennFrey
ThePowerOfLove,CélineDion
ThePromise,SecretGarden
TheRain,久石让
TheRaisingFightingSpirit,火影忍者
TheRiddle,FiveForFighting
TheRose,Westlife
TheRose,手炜
TheSaltwaterRoom,OwlCity
TheShadow,宝儿
TheTruthThatYouLeave,pianoboy
TheVeniceDreamer:PartTwo,GeorgeWinston
TheVoiceWithin,ChristinaAguilera
TheWayOfTheWind微风吹拂的方式,Bandari
TheWindmillsOfYourMind,DustySpringfield
ThehillofThieves,CaraDillon
ThemeFromDyingYoung,KennyG
ThereYou'llBe,FaithHill
ThisIsTheNewShit,MarilynManson
ThisLove,Maroon5
ThriftShop,Macklemore&RyanLewis
ThroughTheWire,KanyeWest
TikTok,AvrilLavigne
TillICollapse,"Eminem,NateDogg"
TimeAfterTime,CyndiLauper
TimeInABottle,jimcroce
TimeToSayGoodbye,"AndreaBocelli,SarahBrightman"
TimeToSayGoodbye,"SarahBrightman,AndreaBocelli"
Timeaftertime～花舞う街で～,仓木麻衣
ToBeWithYou,Mr.Big
ToTheSky,OwlCity
"Tonight,IFeelCloseToYou","孙燕姿,仓木麻衣"
TonightIWannaCry,KeithUrban
TooManyBeautifulGirls,SuperJunior
TooMuchBetweenUs,GeorgeWinston
TopOfTheWorld,Carpenters
TouchMyBody,MariahCarey
TrackYouDown,SondreLerche
TravelingLight,JoelHanson
TrueLove,蔡健雅
TrulyMadlyDeeply,SavageGarden
TryToRemember,黎明
TryingTimes,BoyzIIMen
TurnDownForWhat,"DJSnake,LilJon"
TwinkleTwinkleLittleStar,Twins
"TwoDegreesEast,ThreeDegreesWest",JohnLewis
UDriveMeCrazy,NSync
UMakeMeWanna,Blue
UnAngeFrappeAMaPorte,NatashaSt-Pier
UnchainedMelody,TheRighteousBrothers
UnforgivableSinner,LeneMarlin
UntilYou,ShayneWard
UsAgainstTheWorld,Westlife
VideoKilledTheRadioStar,TheBuggles
VisionOfLove,MariahCarey
VoisSurTonChemin,原声大碟
WakaWaka,Shakira
WalkAway,"HighSchoolMusicalCast,VanessaHudgens"
WalkAway,DiaFrampton
WalkingAway,ChianoSky
WalkingInTheAir,AledJones
WayBackIntoLove,HughGrant
WeAreElectric,FlyingSteps
WeAreOne,Westlife
WeAreOne,"Pitbull,JenniferLopez,ClaudiaLeitte"
WeAreTheChampions,Queen
WeAreTheWorld,MichaelJackson
WeBelongTogether,MariahCarey
WeCan'tStop,MileyCyrus
WeDidn'tMoveAMuscle,ANT
WeFoundLove,"Rihanna,CalvinHarris"
WeWishYouAMerryChristmas,Enya
What'sUp?,刘雅婷
WhatAWonderfulWorld,LouisArmstrong
WhatAreWords,ChrisMedina
WhatCanIDo,南拳妈妈
WhatHaveUDone,G.E.M.邓紫棋
WhatI'VeDone,LinkinPark
WhatIsDancing,未知
WhatayaWantFromMe,"张玮,AdamLambert"
WhenAManLovesAWoman,MichaelBolton
WhenI'MGone,Eminem
WhenIFallInLove,"CelineDion,clivegriffin"
WhenWeStandTogether,Nickelback
WhenYou'ReGone,AvrilLavigne
WhenYouBelieve,"WhitneyHouston,MariahCarey"
WhenYouCry,凤凰传奇
WhenYouSayNothingAtAll,RonanKeating
WhenYouSayNothingAtAll,AlisonKrauss
"Whenever,Wherever",Shakira
WhereAreYouNow,GeorgeWinston
WhereDidUGo,邓紫棋
WhereDidUGo,G.E.M.邓紫棋
WhereDidYouGo2.0,G.E.M.邓紫棋
WhoSays,SelenaGomez
WhyWouldIEver,pauladeanda
WildChild,Enya
WishIHadAnAngel,Nightwish
WishYouWereHere,AvrilLavigne
WithAnOrchid,Yanni
WithoutMe,Eminem
WithoutYou,MariahCarey
Won'TGoHomeWithoutYou,Maroon5
WonderfulTonight,EricClapton
YesterdayOnceMore,Carpenters
You'ReBeautiful,JamesBlunt
YouAreBeautiful,韦礼安
YouAreMySunshine,CarlySimon
YouAreTheOne,C21
YouBelongToMe,JasonWade
YouMustLoveMe,Madonna
YouRaiseMeUp,金润吉
YouRaiseMeUp,SecretGarden
a-思乡佛号,佛教音乐
alwayswithme,"久石让,钢琴曲"
badapple,初音未来
beautifullies,b-complex
bootymusic,DeepSide
braveheart,m崎i
crossingfield,织部里沙
d-大调卡农,钢琴曲
f;D.O.-GoodbyeSummer),"f,D.O."
itismylife,bonjovi
itsmylife,LinkinPark
jamisoulshe-featmr.bangannie,萨克斯
jinglebells,小蓓蕾组合
kisstherain,李闰珉
londonbridge,小蓓蕾组合
mariaarredondomariaarredond,Burning
maryhadaLittlelamb,小蓓蕾组合
mlk,"龙梅子,WarrenG"
mp3,白狐
onefordamoney,overground
onlymyrailgun,fripSide
prettyboy,英文歌曲
riverflowsinyou,李闰珉
rollinginthedeep,中国好声音
secretbase～君がくれたもの～,Zone
sheisgone,歌浴森
sosorry,简红
wreckingball-dj-davisremix,Frankmusik
x-x/x!x./xx-x0x.x-(x-,乌兰托娅
【交谊舞慢四】空城杨坤】年春晚歌曲,杨坤
あなただけつめてる,大\摩季
一万次悲伤,逃跑计划
一世情缘一世愁,陈瑞
一个人疗伤,带泪的鱼
一个人的北京,山野
一个人的北京,好妹妹乐队
一个人的情歌,"带泪的鱼,MC诺"
一个人的时光,石进
一个人的疗伤,带泪的鱼
一个人的脚步,艾歌
一个人的脚步-2011-house,艾歌
一个像夏天一个像秋天,范玮琪
一个爱上浪漫的人,孟庭苇
一个男人,金钟国
一二三四歌,阎维文
一亿个伤心,蒙面哥
一亿个伤心,网络歌手
一分钱,小蓓蕾组合
一加一等于我爱你,贺世哲
一千个轮回,易丹
一天一天,BIGBANG
一定要爱你,孙露
一封家书,石进
一帅到底,崔健
一曲相送,图桠格
一曲红尘,郭少杰
一段情一段伤,龙梅子
一段情歌一段伤,龙梅子
一片艳阳天,杨钰莹
一物降一物,门丽
一生一世爱一回,闫旭
一生去守候,高安
一生爱你千百回,梅艳芳
一百个放心,张津涤
一起摇吧,谢华
一路不变,温岚
一辈子一场梦,张卫健
一辈子的赌注,祁隆
七滴眼泪,六哲
七秒钟的记忆-苏小小,徐良
三家店-将身儿来至在大街口,于魁智
三步踩,交谊舞曲
三步踩-天高云蓝2008-7,草原歌曲
三生石三生路,阿兰
三轮车-谢小宇,MC
上帝是个女孩,欧美经典
上帝是女孩-钢琴演奏舒缓版,钢琴曲
上邪-唱,小曲儿
下一站是幸福,徐千雅
下辈子不要再遇见你,艾歌
下辈子做你的女人-dj王志rmx,龙梅子
不分手的恋爱-网络歌手完美版,汪苏泷
不想离开,张栋梁
不想让你哭,王强
不愿放手,黑龙
不是因为你美丽我才爱上你DJ版,何龙雨
不是因为寂寞才想你,T.R.Y
不是对不起都换来没关系,李贵府
不是每个恋曲都有美好回忆,林志颖
不是现在,BEAST
不白活一回,毛阿敏
不眠之夜,"Crush,"
不离不弃,"艾歌,丁童"
不管发生什么别放开我的手,"高恺蔚,赵心蕾"
不管有多老,何真真
"不能分手的女人,不能离开的男人",LeeSsang
不能厮守的爱,李泽坚
不能厮守的爱dj版,李泽坚
不要再来伤害我,孙露
不要再来伤害我,张振宇
不要再说你还爱我,冷漠
不要在脸上留下眼泪,"罗百吉,宝贝"
不要对我说,程响
不要对我说无所谓,祁隆
不要认为自己没有用,成龙
不要让爱你的人再受伤,李贵府
不见长安,河图
不该相遇在秋天,程响
不配说爱我,常艾非
且试天下,墨明棋妙
世界名曲,轻音乐
世界第一的公主殿下-miku,初音未来
东京爱情故事-突然发生的爱情主题曲,小田和正
东北东北,张冬玲
东北人都是活雷锋,雪村
东南西北风,李玲玉
东南西北风,卓依婷
东方中国龙,李贵府
两地情缘,"程响,王羽泽"
丫头,王童语
中三傍晚的思念,"龙梅子,草原歌曲"
中国人民解放军军歌,红色摇滚
中国人民解放军进行曲,军歌
中国十大古典名曲之五,"古典音乐,十面埋伏"
中国少年先锋队队歌,中国少年先锋队队歌
中国火,谢华
中国移动,"黑龙,冷漠"
中国节,皆大欢喜
中国马,朱贝贝
中意他,梁咏琪
串烧-11首,周杰伦
串烧舞曲club,ashao
临水照花,"晃儿,墨明棋妙"
丹顶鹤的故事,朱哲琴
"为了你,为了我",Beyond
为了我为了你,任军太
为了谁,"祖海,佟铁鑫"
为了谁,龚h
为了谁,董文华
为什么你要伤害一个爱你的人,欢子
为什么受伤的总是我,林志颖
为什么相爱的人不能在一起,郑源
为你等待,白玛多吉
为你等待,次仁央宗
为你跑成罗圈腿,阿宝
为梦想领跑,容中尔甲
为龙,河图
主是我力量,基督教歌曲
久别的人,白雪
么么哒,王麟
义勇军进行曲,国歌
乘客,王菲
九九女儿红,陈少华
九夏忧伤,带泪的鱼
九月九的酒,陈少华
九鼎天下,董贞
乡恋,李谷一
二泉吟,董文华
于谦-于谦泡澡,郭德纲
于谦-人在江湖相声专场跨年晚会,郭德纲
于谦-潘壳嗄,郭德纲
于谦-弄死你巡演大连,郭德纲
于谦-最新力作爆笑演绎快乐生活,郭德纲
于谦-相声我要旅游德云社,郭德纲
于谦-郭德纲于谦禁播相声小段,郭德纲
亏欠一生,裘海正
云水禅心,古筝佛赞
五哥放羊,阿宝
五百年桑田沧海,龚h
五百年桑田沧海,丹妮
五百年长海桑田,西游记
亚洲之夜,罗百吉
交响童话,胎教音乐
亲亲老婆,任军太
亲密的爱人,梅艳芳
亲爱的你可知,程响
亲爱的你怎么不在我身边,江美琪
亲爱的姑娘我爱你,草原歌曲
亲爱的嫁给我DJ版,何龙雨
人在旅途,云菲菲
人在旅途,凤飞飞
人情味,"Gary,郑仁"
人生就是一场梦,艾歌
人间情多,李殊
人间正道是沧桑,韩磊
人~徽h,本多俊之
什么都不想要,简红
今夜我对你想入非非,云菲菲
今夜无眠,周冰倩
今夜无眠,龚h
今夜舞起来,张冬玲
今天是你的生日,李娜
今天是你的生日我的祖国,董文华
今生有你,龙梅子
今生爱上你,"高安,张壹"
今生爱的就是你,祁隆
今生陪你一起走,冷漠
从一片落叶开始,"苏打绿,PriscillaAhn"
从头再来-重头再来,刘欢
从未这样心动过,祁隆
他和她的故事,萧亚轩
他的猫,徐良
仙剑赋,董贞
仙女湖,徐千雅
众人划桨开大船,付笛生
众里寻你,韩红
会有那一天,任军太
伞下,张宇
传奇,霍尊
传说中的天堂,艾歌
传说中的天堂-dj慢摇嗨曲,艾歌
传说中的天堂-劲爆dj-dj版,艾歌
传递梦想,"黑龙,冷漠"
伤了我的眼,李泽坚
伤害,李贵府
伤害DJ舞曲,李贵府
伤心城市对唱,"冷漠,云菲菲"
伤心城市,"云菲菲,冷漠"
伤心泪,陈星
伤心的人别听慢歌,五月天
伤心的时候可以听情歌,欢子
伴奏,"亡灵序曲,女生版"
伶仃谣,河图
但愿人长久,"霍尊,韩真真"
低碳贝贝,"林妙可,柳博,香奈儿,群星"
何必西天万里遥,西游记
佛乐藏音大悲咒,大悲咒
佛说圣佛母般若波罗蜜多心经,王菲
你一定很爱他,黑龙
你不像她,南拳妈妈
你不是我,徐良
你不要再对他哭了,带泪的鱼
你会爱我到什么时候,雷婷
你会爱我到什么时候,郑东
你会爱我到什么时候,陶钰玉
你要赞美耶和华,赞美之泉
你偷走了我的心,祁隆
你好吗，天气好吗,邓福如
你家门前????,金秀贤
你家门前,金秀贤
你就是我最想要的人,老猫
你得娶我,郭德纲
你快乐,王菲
你快乐未必我快乐,田馥甄
你怎么舍得我流泪,艾歌
你想好怎么对她说,许佳慧
你想要的是什么,龙梅子
你懂不懂爱,唐古
你懂得,李贵府
你懂得,"杨钰莹,小沈阳"
你懂的DJ舞曲,李贵府
你把什么都带着,李泽坚
你把爱情给了谁,黑龙
你把爱情给了谁-并四心兰制作,"龙梅子,王强"
你把爱还给我,高安
你是不是我最疼爱的人,蓝岚
你是太阳我是星星,"小臭臭,泰歌"
你是我今生最爱的女孩,孙露
你是我今生的唯一,艾歌
你是我今生的唯一-dj高品质,艾歌
你是我的主角,贺世哲
你是我的玫瑰花,庞龙
你是我的罗密欧,陈兴瑜
你是我的花朵,伍佰
你是风儿我是沙,"周杰,林心如"
你潇洒我漂亮,韩宝仪
你潇洒我漂亮,李玲玉
你猜猜我有多爱你,龙梅子
你的意味,"IU,"
你的所有瞬间??????,成诗京
你的所有瞬间,成诗京
你的温柔DJQQ,子枫
你的温柔DJ何鹏,子枫
你的温柔DJ阿圣,子枫
你的爱给了谁,歌浴森
你的生日,郑智化
你的眼睛背叛了你的心,张学友
你的眼角流着我的泪,曹越
你的长发,张挥
你看蓝蓝的天,杨钰莹
你知道我在等你们分手吗,卫兰
你说爱我又不爱我,金生水
你身边的人曾经是我,"阿宝,张冬玲"
你那么想他不痛吗,带泪的鱼
使劲摇,芭比
依然-minemine,歌浴森
侥幸者,刘思涵
信天游,程琳
信天游,"阿宝,张冬玲"
修女的伤,程响
倍儿爽,大张伟
借点情借点爱,曹越
做你怀里的那只猫-dj加快2013,贺世哲
做你的雪莲,"艾歌,何龙雨"
做你的雪莲-dj良少2013-mix,艾歌
做你的雪莲-wo99.com消音bz-637661,艾歌
做你的雪莲-吉特巴海棠试听,艾歌
做你的雪莲-吉特阳光制作,艾歌
做你的雪莲-广东茂名阿河dj慢摇嗨曲,艾歌
傲包相会,刀郎
傻傻的爱傻傻等待,贺一航
傻瓜与野丫头,"张宇,徐熙娣"
像中枪一样,白智英
像星,K.Will
像男人一样去战斗,"小宇,DJ"
像男人一样去战斗,孙浩雨
像男人一样去战斗-加快5倍,DJ
像针锥一样,带泪的鱼
元芳你怎么看,"冷漠,赵小兵"
元芳你怎么看DJ版,"冷漠,赵小兵"
兄弟的歌,"黑龙,徐亮"
兄弟难当DJ何鹏,杜歌
兄弟难当DJ阿元,杜歌
光芒全新缩混版,凤凰传奇
光辉岁月,黄家驹
克罗地亚狂想曲,马克西姆
克罗地亚狂想曲,MakSim
兔子舞,英文歌曲
全世界宣布爱你,"孙子涵,李潇潇"
全新精选慢摇串烧,AaRON
八连杀肚兜,佚名
六层楼,宋冬野
兰若词,刘亦菲
共产党来了苦变甜,"刀郎,云朵"
关于那件事,"阿悄,庄心妍"
关忆北,宋冬野
内蒙古黑怕,"魏雪漫,MC"
再活五百年-3288,屠洪刚
再见??,孝琳
再见,孝琳
"再见,原点",白举纲
再见――警察,冯曦妤
再见了大别山,刘和刚
再见爱人dj版,李泽坚
冬天里的白玫瑰,地铁兄弟T&T
冰河时代女声中文版,DJ小可
冰火DJ舞曲,李贵府
冰雪战歌网,"我的好兄弟,MC"
冷雨夜-词黄家强曲主唱黄,黄家驹
凌晨1点,太阳
凤凰展翅,凤凰传奇
出卖我-2012-dj加快版,程响
出卖我-a版2012-dj伟伟mix,程响
出卖我-b版2012-dj伟伟mix,程响
出卖我-dj-dj-mix-2012天皓,程响
出卖我-dj大雪慢摇大雪remix,程响
出卖我-dj子亮2012加快版高品质,程响
出卖我-dj小波2012-remix,程响
出卖我-dj志勇潮流版,程响
出卖我-dj最新版本,程响
出卖我-博白dj蓝锦疯狂版,程响
出卖我-慢摇嗨曲加快版dj阿呆上传,程响
出卖我DJ,程响
出墙,"程响,王嘉南"
出水莲,古筝
出界,郑秀文
分手了还是朋友-原版伴奏,程响
分手以后做个朋友dj版,黑龙
分手再会,Davichi
刘哈哈与大先生,"刘心,大鹏"
刘海砍樵,"李谷一,武力"
初恋未满,张含韵&曹轩宾
别咬我,"许嵩,影子,阿布"
别哭了宝贝DJ版,皓天
别哭我最爱的人,郑智化
别哭我最爱的人,水木年华
别把自己当成腕,李泽坚
别把自己当成腕儿,李泽坚
别碰我-dj舞曲,劲舞团
别让情两难,"范文芳,张信哲"
剑雨浮生,"吴青峰,萨顶顶"
加州旅馆,老鹰乐队
加速度,瞿颖
动天Heaven-ShakingEvent,火影忍者
劲爆-舞曲16首88分钟连播伤感音乐空间制造,Dj
劲爆舞曲-强烈推荐韩国舞曲dj歌,dj舞曲
劳力士男人,"赵小兵,冷漠"
勇敢的狂奔-与狼共舞片尾曲,老猫
北国之春-浪漫萨克斯,萨克斯
十不该,"迟志强,张秀艳"
十二道锋味,谢霆锋
十元人民币,小驴-TOMMY
十送红军,杨钰莹
千与千寻,久石让
单身歌,龙梅子
卖报歌,儿童歌曲
南无观世音菩萨圣号,佚名
南无阿弥陀佛,古筝佛赞
南无阿弥陀佛,原声带
卡农-摇滚版,Jerryc
卡农钢琴曲,我的野蛮女友
卡农,Inishkea
卡比巴拉的海,宋冬野
卡萨布兰卡,英文经典老歌
原谅我不懂爱,G.E.M.邓紫棋
又见老情人,"高安,马睿"
古琴禅修,巫娜
只想凝视着你卡通片尾曲,灌篮高手
只是你,朴始焕
只有你,金泰宇
只要你的爱,"谢华,卢惠美"
叫你一声MyLove,小虎队
可爱颂,Hari
史卡保罗市集ScarboroughFair,SarahBrightman
各自远扬,霍尊
吉他曲,轻音乐
后,J-Min
听袁惟仁弹吉他,周杰伦
听袁惟仁弹吉他,S.H.E
听！是谁在唱歌？,"刘若英,黄韵玲"
吹喇叭-完整版儿童不宜,DJ
吻别英文,佚名
呜咽,郑秀晶
命运不是辘轳,经典老歌
和兰花在一起,雅尼
和天亮说晚安,谢华
咪咪小花猫,小蓓蕾组合
咬住下唇,Esna
咬住下唇??????,Esna
咱爸咱妈,"龙梅子,老猫"
哇咔哇咔-非洲时刻m39s,世界杯主题曲
哥只是个传说,陈旭
哥哥妹妹要安慰,"何龙雨,孙语"
唯爱,"薛凯琪,周子扬"
唱支山歌给党听,张冬玲
唱着情歌流着泪DJ版,祁隆
啦啦啦德玛西亚,音频怪物
喀什噶尔胡杨,刀郎
喊麦,"DJ,小枫,洪磊,MC"
喜欢,Beyond
嗨曲-djdj-kk劲爆舞曲现场狂嗨曲动感,DJ
嗨！MrsLeta,凤凰传奇
嘟噜沙玛,DJ小可
囚鸟,简红
回家-萨克斯,轻音乐
回心转意-2009-dj2009dj版,黑龙
回心转意-2009-dj版作曲隆隆作,黑龙
回心转意-dj加快小于mdj.sy.2角,黑龙
回心转意-dj阿圣remix,黑龙
回心转意-伴奏,黑龙
回忆的画面,程响
回想,"CHEN,郑秀晶"
回梦游仙,心然
"因为爱,所以爱",谢霆锋
国家,"成龙,刘媛媛"
国旗国旗多美丽,幼儿歌曲
在一起,"钟欣潼,胡彦斌"
在你之前我早已有了她,冷漠
在你离开那一天,"汪东城,曾沛慈"
在雨中,"刘家昌,尤雅"
地藏经,佛教音乐
堕落天使,郑智化
多情伤离别,"高安,司徒兰芳"
夜的钢琴曲,纯音乐
夜空中最亮的星,escapeplan逃跑计划
夜空中最亮的星,逃跑计划乐队
够不着的吻,贺世哲
大悲咒-古筝笛子协奏曲,佛教音乐
大悲咒-梵音原唱慈悲版mp3.1,佛教音乐
大悲咒-梵音可重复播放,佛经
大悲咒-龚h为你祈福,佛教音乐
大悲咒南无大慈大悲观世音菩萨,佛歌
大悲咒童声版,佛教音乐
大象拨河,小蓓蕾组合
大长今韩文版主题曲,原声大碟
大雨还在下,龙梅子
大骂小日本,"洪磊,MC"
天上星星下凡来,胎教音乐
天不下雨天不刮风天上有太阳,"于文华,尹相杰"
天仙配,严凤英
天佑女人们你们听好续集,MC
天佑携手夜小岩女人们你们听好续集,MC
天使宝贝,胎教音乐
天空之城-钢琴久石让李家祥,钢琴曲
天竺少女,西游记
天籁之音-班得瑞钢琴好听的纯音乐,轻音乐
天[之爱,萨顶顶
天边的骆驼,呼斯楞
天马座的幻想-fver,圣斗士星矢
天龙八部,"信乐团,赖水清"
太,"楚博仁,王麟"
太阳最红毛主席最亲,李姗殷善音
失去你的黄昏,黑龙
"奇怪,我不懂得爱","本兮,小伟"
奇迹再现,毛华锋
女人不是妖-司徒兰芳dj酷b2013新rmxclub,dj小苏
女人不需要性感不是骚,"DJ,网络歌手,MC"
女人们你们听好,MC天佑
女儿情,西游记
女友结婚了新郎不是我-m24s,印度歌曲
女驸马,李玲玉
女驸马,经典老歌
女驸马,韩再芬
女驸马-谁料皇榜中状元韩再芬mtv,黄梅戏
好春光,吴彤
好爸爸，坏爸爸,小蓓蕾组合
好男人都死哪儿去了,崔子格
如果伤害了我你会好过,谢华
如果再回到从前,张学友
如果可以不爱你,艾歌
如果我是Dj你还会爱我吗,王绎龙
如烟+如果还有明天,五月天
妈妈的吻,杨钰莹
妖精尾巴的战斗插曲,妖精的尾巴
妙手空空,"成龙,周华健,张震岳"
妹妹你大胆的往前走,"戴荃,蘑菇兄弟"
妹妹的酒,"李泽坚,司徒兰芳"
妹妹的酒dj版,"李泽坚,司徒兰芳"
姐是老中医专治吹牛逼,佚名
姑娘我爱你DJ版,索朗扎西
姑娘我铁了心跟着你啦,"龙梅子,老猫"
娉婷扬袖舞风轻,王俊雄
嫁衣,苏仨
嫂子颂,李娜
孤独啊,CNBLUE
学习雷锋好榜样,小臭臭
完成不了的爱,龙梅子
完美的再见,SuperJunior-M
官封弼马温,童声合唱
宝宝的音符,雷蒙拉普
宝宝睡着了,幼儿歌曲
宝贝宝贝我爱你DJ版,陈兴瑜
家乡的姑娘,索朗扎西
家和万事兴,"张也,郁钧剑"
容颜,陈楚生
寂寞星球的玫瑰TheRose,G.E.M.邓紫棋
寂寞是你给的苦,冷漠
寂静的天空,代青塔娜
寒江雪,"郑源,储兰兰"
"对不起,我爱你",1983组合
对不起谢谢,陈奕迅
对她好一些,艾歌
寻找天堂,艾歌
小两口,"安又琪,吴樾"
小人,"赵小兵,冷漠"
小兔子乖乖-把门开开,儿童歌曲
小可乐,正月十五
小夜曲-世界名曲古典钢琴,古典音乐
小妹儿,高旭
小小艺术家,巴赫
小提琴,卡农
小提琴独奏,加勒比海盗
小星星,乐童音乐家
小松鼠过河,儿歌
小步夜曲,肖邦
小河淌水FlowingCreek,纯音乐
小燕子-儿歌大全,儿童歌曲
小牧童,儿歌
小白兔,儿童歌曲
小龙人,小龙人
小龙人,儿童歌曲
少先队队歌,儿童歌曲
少年呀,G-Dragon
岛歌,陈悦
巴啦啦小魔仙-片尾曲星座密码之奇迹舞步,大小ann
布列瑟农,MatthewLien
帅哥去哪儿,陈梓沫
希望你懂我,"郑源,郑东"
希然宁泊―自省?心经,萨顶顶
带泪的鱼,带泪的鱼
帮助蝌蚪找妈妈,莫扎特
平沙落雁,"林克仁,古琴,洞箫,刘正春"
幸福女人,陈瑞
幸福的星星,带泪的鱼
幽灵公主,轻音乐
广场舞曲,乌兰图雅
广陵散,中央民族乐团
康电情歌,王绎龙
延安颂,李双江
开场曲-cut-qq空间非主流歌曲,劲舞团
开门红,"火风,汤灿"
弄你迪士高-弄你,DJ舞曲
弟子规,儿童歌曲
张赫宣的DJ节目――经典男人歌,张赫宣
当我唱起这首歌,"小贱,星弟"
当时的月亮,"侯磊,丁克森"
当爱离别时成品,龙梅子
彩虹,f
彩虹的约定,小臭臭
征服,简红
得到你的人却得不到你的心,欢子
御龙镜中潜,汪苏泷
微信爱,"陈玉建,陈美惠"
心中的女神,云飞
心太软续集DJ版,赵小兵
心照一生,RubberBand
心痛要到什么时候,龙梅子
心经-梵唱佛音梵歌经咒念诵念颂,佛教音乐
心经梵唱,佛歌
心脏被挖空的痛,带泪的鱼
心花开在草原上,吉娜
忘不了曾经的你,"高安,郭玲"
忘不了的温柔,安东阳
忘川河,风萧萧
忘记尘缘忘记你,雷诺儿
忧伤还是快乐,K.Williams
忧伤还是快乐,纯音乐
思思念念全是你,高安
性感不是骚,DJ
恭喜发财歌-欢乐过新年大拜年唱版,新年歌曲
恭喜喜发财财,"龙梅子,王麟"
恰恰恰-chillycha,拉丁舞曲
恶人,"孙子涵,Xun"
悲伤的天使,钢琴曲
悲怆第三章,"贝多芬,钢琴曲"
情与法,"高胜美,左宏元"
情为何物,"安东阳,樊桐舟"
情歌对唱,DJ
情海无兵刀,龙梅子
情深深雨蒙蒙,赵薇
情系大草原DJ版,何龙雨
情难忘意难忘,甲子慧
想亲亲想在心眼眼上,阿宝
想你零点零一分,张靓颖
想把我唱给你听,"老狼,王婧"
意外,薛之谦
意大利舞曲let'sgojumparound,anry
愚爱,欢子
感谢妈妈,"高安,乌兰托娅"
感谢相识,"可歆,常定晨"
愿得一人心-雨宗林,李行亮
慢摇舞曲,慢摇
慢摇舞曲,"DJ舞曲,欧美经典"
我上幼儿园,儿童歌曲
我不会一个人,"王铮亮,刘涛"
我为你歌唱WhenIt’sLonely,曲婉婷
我今天为你祝福,基督教歌曲
我从草原来全新缩混版,凤凰传奇
我从雪山来,雪山朗玛
我们好像在哪见过,"杨宗纬,叶蓓"
我们爱过就好,"龙梅子,薛之谦"
我们的天空,黄艺明
我们的歌谣萨尔萨舞曲版,凤凰传奇
我们的爱结束了-90后非主流,带泪的鱼
我们的爱结束了定样版,带泪的鱼
我们这里还有鱼,"谢霆锋,黄大炜,游鸿明,黄中原"
我叫mt,群星
我叫纠结伦,苏三
我听过你的歌,"王焱,何影"
我和我的祖国,平安
我就是你最爱的人,黑龙
我就要和你在一起,"赵英俊,夏筠妍"
我悄悄地蒙上你的眼睛,"毛宁,杨钰莹"
我悄悄地蒙上你的眼睛,"高明骏,陈艾湄"
我愿意,"霍尊,祈汉"
我是真心爱你的人-2011伴奏,任军太
我是真心爱你的人-吉特巴z4-6.54升,任军太
我是真心爱你的人-收藏如此珍爱,任军太
我是真心爱你的人DJ,任军太
我爱你,尹美莱
"我爱你,塞北的雪",殷秀梅
我爱你塞北的雪,殷秀梅
我爱的姑娘DJ舞曲,李贵府
我爱鲁西西,小蓓蕾组合
我的好兄弟,"高进,张羽"
我的好妈妈,儿童歌曲
我的快乐就是想你,红蔷薇
我的爱不能给的这样草率,龙梅子
我的老班长,小曾
我知道你对我好,"乌兰托娅,雅锋"
我说亲爱的,"龙梅子,杨海彪"
打工行,龙军
打樱桃,王二妮
打靶归来,阎维文
扔猫-郭德纲于谦相声,"郭德纲,于谦"
把我的悲伤留给自己-江湖电影原声大碟,林苑
把爱交给时间DJ版,何龙雨
把耳朵叫醒,金海心
拉德斯基进行曲,斯特劳斯
拍手歌,儿童歌曲
拥抱你的滋味,dj舞曲
拥抱着你的滋味,FreeParty
拿得起放不下,高进
挥不去的情愁,"冷漠,陈瑞"
摇啊摇摇到外婆桥,小蓓蕾组合
摇太阳,方芳
摇摆.Remix1,蔡妍
摩天轮,"罗百吉,宝贝"
擦皮鞋,洋洋
放手DJ版,"何龙雨,傅潇莹"
放手了吗,"带泪的鱼,蝎子"
故宫的记忆,神思者
数码宝贝主题曲,网络歌手
数鸭子-儿童歌曲大全婴儿启蒙歌曲,儿童歌曲
文殊菩萨心咒,佛经
"斑马,斑马",宋冬野
"斑马,斑马",张婧懿
斑马斑马,宋冬野
斗地主,"王麟,安琥"
斯卡布罗集市,莎拉.布莱曼
斯琴高丽的伤心,斯琴高丽
新娘嫁人了新郎不是我,印度音乐
新贵妃醉酒,歌浴森
新鸳鸯蝴蝶梦+千万次的问+流星雨+存在+大笑江湖,"小沈阳,田斯斯,胡维纳,肖洒,肖懿航,王琪玮,唐一嘉,丁泽强,陈俊豪"
无名指的等待,谭欣懿
无名花,简红
无奈的结局-闫旭正式版,龙梅子
无奈的结局-闫旭正式版极速,龙梅子
无言的结局,"李茂山,林淑容"
无间道,"刘德华,梁朝伟"
无限速,"本兮,阿悄"
旧日足迹,Beyond
时间都去哪了-2014元宵春晚大萌子王铮亮合唱,"大萌子,王铮亮"
时间都哪儿去了-主题曲,王铮亮
明天你好-网络歌手伴奏,牛奶咖啡
星空物语,"张翰,俞灏明,魏晨,朱梓骁"
春野,Bandari
是我痛怎么了,带泪的鱼
昴-すばる-,谷村新司
晴空月儿明,西游记
暗恋过，结局呢,新街口组合
曾经是我最爱的人,陈瑞
曾经最美,孙露
最右,"龙梅子,老猫"
最右-老猫网络红歌,龙梅子
最后一个情人,陈瑞
最后一次为你流泪,"伤感歌曲,最新流行歌曲"
最后的倾诉,韩磊
最后的问候,BigBang
最好听的钢琴曲,"轻音乐,钢琴曲"
最美丽的花,王绎龙
最远的你是我最近的爱,童安格
月亮之上+自由飞翔雷鬼舞曲版,凤凰传奇
月亮啊月亮,李贞贤
月亮船,杨钰莹
月光奏鸣曲,贝多芬
月光曲-世界名曲钢琴曲,贝多芬
月光边境,林海
月满西楼-m45639慢四,邓丽君
有一个人,"SylChan,JennyHo"
有一种爱叫做不放弃DJ版,何龙雨
有些事现在不做一辈子都不会做了,五月天
有点甜,汪苏泷&by2
有点甜,孙羽幽
朋友e哭,吕方
朋友的酒-dj阿圣2010-mix,李晓杰
朋友的酒-喊麦中文2011年9月19日,"MC,小月"
机器灵砍菜刀,张卫
李雷和韩梅梅,徐誉滕
极品慢摇-dj,Alex
枉凝眉ForThePerfect,纯音乐
柔板Huldreslatter,莫扎特
桑巴-桑巴舞曲sb0216永远快乐,印度歌曲
梁山伯与朱丽叶,"卓文萱,曹格"
梁祝「萨克斯演奏」Saxophone,纯音乐
梁祝钢琴曲-离歌,理查德克莱德曼
梁祝,彭丽媛
梦中的婚礼-钢琴曲梦中的婚礼,钢琴曲
梦断楼兰,"何龙雨,程欣"
梦的海洋,瑜伽音乐
梦遗少年,宋冬野
梵文,"超好听,大悲咒"
棒棒棒,"黎明,MC"
棒棒棒,佚名
森林鸟儿,雷蒙拉普
l山遗韵,古剑奇谭
汛笛,周传雄
欢乐的跳吧,佚名
欢乐颂,贝多芬
欢快的轻音乐,轻音乐
歌浴森-三天三夜,歌浴森
死一样的痛过,mc梦
水乡新娘,"石梅,冷漠"
求求你给点力-加快版开场舞曲dj57,Dj
求苍天一件事,贺世哲
江之南葫芦丝,钟心
江南style,pls鸟叔
江南style,"泫雅,PSY"
江湖・闪蝶,河图
没有人比你更爱我,陈瑞
油菜花开,莫扎特
泉水叮咚响,"二胡独奏,轻音乐"
泡沫,G.E.M.邓紫棋
泥人情歌,"韩岚,薛晓枫"
洪湖水浪打浪,孙滢迎
活出个样来给自己看,赵本山
活得潇洒,"谭咏麟,陈慧娴"
活泼之泉,雷蒙拉普
流动的城市,林海
流泪的红烛,"祁隆,阿斯满"
流行中文,Alex
浪子的心情,闽南语歌曲
海豚音,杰克逊
海边的星空,理查德・克莱德曼
消灾吉祥神咒,佛教音乐
混音热播舞曲feelalright感觉极好,Angel
渡情,"高胜美,左宏元"
渡情,"左宏元,张慧清"
渡情-片尾曲西湖美景,新白娘子传奇
温柔与霸道,群星
温柔与霸道-专业下载专业的设备,杭娇
溜溜的情歌现代拉丁舞曲版,凤凰传奇
滴答滴-北京爱情故事l,侃侃
漂亮的姑娘你别怕-dj加快2013,李贵府
漂亮的姑娘你别怕-dj加快版,李贵府
漂亮的姑娘你别怕-dj蓝加快版博白,李贵府
漂亮的姑娘你别怕-快四dj混音版,李贵府
漂亮的姑娘你别怕DJ版,李贵府
漂亮的姑娘你别怕DJ舞曲,李贵府
漂移,周杰伦
火影忍者最新主题曲ブルバド青鸟完整版,佚名
火火的姑娘-东方红艳dj何鹏remix,DJ何鹏
火火的姑娘-吉特巴高音质,东方红艳
烟花三月下扬州,刘紫玲
烟花易冷-伽蓝雨钢琴版gaius,周杰伦
熊出没主题曲,佚名
燃烧吧!火鸟,高凌风
爱上了是谁的错DJ舞曲版,糯米
爱上你的美,"张忆亚,常颖"
爱上你等于爱上了错,张振宇
爱人跟人走-闽南语情歌大对唱台,闽南语歌曲
爱你一生一世,谢华
爱你就让你快乐-feat,"智馨,桐瑶"
爱你比永远多一天DJ版,许诺
爱信仰,龙梅子
爱到痛处就分手DJ版,何龙雨
爱啦啦,海楠
爱好辛苦,"龙梅子,韩松圃"
爱开到荼蘼,带泪的鱼
爱恨情歌,"冷漠,张冬玲"
爱恨情歌对唱,"冷漠,张冬玲"
爱情一阵风,闽南语歌曲
爱情一阵风,"卓依婷,林正桦"
爱情三十六计,简红
爱情美酒,"龙梅子,老猫"
爱情诺曼底,黄征
爱我中国,"龙梅子,格格,高安,祁隆"
爱我你怕了吗　,姜育恒
爱我就放过我DJ阿圣,子枫
爱拼才会A,叶启田
爱是...,TheDaydream
爱是你我-小沈阳夫妻档歌曲,"小沈阳,沈春阳"
爱本无罪,"汤潮,岳思思"
爱歆,"可歆,群可"
爱的世界只有你,"祁隆,乐凡"
爱的世界只有你DJ,祁隆
爱的华尔兹,"俞灏明,郑爽"
爱的太累,黑龙
爱的童话,"高安,宋娜"
爱的纪念,理查德・克莱德曼
爱的翅膀受了伤,蒋雪儿
爱的血泪史-dj传奇制作,龙梅子
爱的迷雾,陈瑞
爱逝.枷锁,带泪的鱼
爱陕北,王二妮
爸爸去哪儿,"林志颖,田亮,郭涛,王岳伦,张亮,Kimi,田雨橙,王诗龄,郭子睿,张悦轩"
爸爸去哪儿,电视原声
爸爸妈妈听我说,小葡萄
爸爸妈妈听我说-铃金苗有声图书馆,儿童歌曲
牧人,德德玛
牧羊曲-电影少林寺插曲,李玲玉
犹见炊烟,邓丽君
狐狸精,"罗志祥,米娜"
独自面对,龙梅子
猫叫老鼠惨叫声,佚名
献给爱丽丝,理查德・克莱德曼
献给爱丽丝,贝多芬
玩腻,M3
玩腻dj版,Dj
现在我很幸福,A-Lin
现场-超好听的英文经典,dj舞曲
生命之杯,RickyMartin
生日歌,英文歌曲
男人不怕失败,黑龙
男人情女人心,"龙千玉,袁小迪"
男人靠得住猪都能上树dj版,张吉
留不住你的温柔,"李泽坚,司徒兰芳"
疯狂大麻,DJ舞曲
白蛇DJ舞曲,李贵府
皇冠一刻钟,DJ舞曲
皇后大道东,"罗大佑,蒋志光"
皇帝的烦恼,"赵小兵,冷漠"
盛夏光年,陈冰
直到世界的尽头,Wands
相亲相爱一家人,"李霄云,陈翔"
相亲相爱的一家人,"励志歌曲,星"
相爱的理由,"艾歌,晨熙"
相见时难别亦难,李玲玉
看花灯,小蓓蕾组合
真的好想你M,周冰倩
真的用心良苦,郑源
"眼,鼻,嘴",太阳
眼泪的错觉,群星
知心爱人,"任静,傅迪生"
知心爱人,"付笛声,任静"
短发,AOA
祁式情歌DJ舞曲,祁隆
祝你生日快乐,小蓓蕾组合
神的传说,毛阿敏
神话情话,"周华健,齐豫"
神马都是浮云,"山野,吕雯"
离人,霍尊
离开你并非是我愿意,陈瑞
秋天的期盼,黑龙
秋日私语,经典钢琴曲
秋殇别恋,"牙牙乐,格子兮"
秘密花园的邂逅,林笛
空城-杨坤dj失名remix,Dj失名
空城计-诸葛亮我正在城楼观山景,于魁智
穿越火线,大笑江湖
穿越火线主题曲一,穿越火线
童年的回忆,钢琴曲
童话-钢琴轻音乐伤感音乐,钢琴曲
笑傲江湖琴箫合奏-mp38电影金曲,笑傲江湖
笛子,新白娘子传奇
第一次听见海,雷蒙拉普
等你的季节,"吴奇隆,刘诗诗"
策马奔腾桑巴舞曲版,凤凰传奇
米店,"张玮玮,郭龙"
粉红噪音煲机专用,佚名
粉红的回忆,李玲玉
累啊累,王绎龙
红尘叹,"陈瑞,冷漠"
红尘客栈-第二十届中歌榜现场版,周杰伦
红尘情歌,张傲_黑鸭子
红尘情歌,男女对唱
红尘情歌,昕宇
红尘情歌,郑源vs蒋珊蓓
红尘情歌,石雪峰
红尘情歌-对唱版芦丽红,高安
红尘情歌郑源&蒋姗倍-djv-club-mix新版,佚名
红尘情歌高安vs黑鸭子_dj燕儿remix,Dj燕儿
红尘情缘-铃副本,高安
红尘永相伴,"冷漠,司徒兰芳"
红尘笑我，我笑红尘,"郑源,郑东"
红山果-原版4.18,安与骑兵
红梅赞,卢雪梅
红灯记-雄心壮志冲云天,关怀
红玫瑰DJ版,大哲
红莲の弓矢,LinkedHorizon
红豆红,邓丽君
约定,金秀贤
纯情-dj韩国新抓钱舞,高耀太
纸心脏,f
经典舞曲,ck
经常回家看一看,"程响,王羽泽"
结局后才明白,"乔洋,X-girl"
给所有知道我的名字的人,赵传
绝世小受,漠然
绿度母心咒,anichoyingdrolma
缘来是你,"龙梅子,黄勇"
罪过,谢华
美丽女人,DJ舞曲
美丽的神话Ⅰ,"成龙,金喜善"
羞答答的姑娘我爱你吉特巴,李贵府
老中医,花粥
老公你辛苦了,网络歌曲
老友记,"金志文,关"
老地方的雨,陈瑞
老婆饼,汪苏泷
老子明天不上班,佚名
老家,侃侃
老师你好,阴三儿
老江湖,黑龙
老男孩-我一定要得到你,筷子兄弟
耶耶耶,"杨洋,金彪"
聪明的一休,小蓓蕾组合
胡琴说,"汤非,王莉"
自挂东南枝,Amuro
自挂东南枝-十万个冷笑话版,周杰伦
自由の翼,LinkedHorizon
舍不得忘记你,网络歌曲
艾薇儿-WishYouWereHere,艾薇儿
芭啦芭啦樱之花,郭富城
花仙子的花篮,莫扎特
花好月圆夜,"杨千桦,任贤齐"
花好月圆夜,"杨千,任贤齐"
花雨,具惠善
苦咖啡,冷漠
苦果-天地人,程响
苦果-苦果程响苦果下载,程响
英文版-yestedayoncemore,昨日重现
英雄的黎明,横山菁儿
英雄路,"黑龙,成奎安"
茉莉花,霍尊
草原上的格桑拉,草原歌曲
草原情,草原歌曲
草原舞曲,"阿宝,张冬玲"
草原舞曲,"张冬玲,阿宝"
草泥马之歌,未知
荡荡悠悠,周云蓬
荷塘月色街舞舞曲版,凤凰传奇
莫扎特：土耳其进行曲：A大调钢琴奏鸣曲第三乐章,KarlEngel
莫斯科郊外的晚上,杨洪基
莫斯科郊外的晚上-浪漫萨克斯,萨克斯
葫芦丝-新白娘子传奇插曲,佚名
葫芦娃,儿童歌曲
葫芦娃-主题曲,儿童歌曲
蓝精灵之歌,儿童歌曲
蓝色多瑙河),"卡拉扬,维也纳爱乐乐团"
蓝色多瑙河-钢琴名曲,轻音乐
藏传大悲咒,琼英卓玛
蛋疼-mixteamdjecmix-2013,谢华
蜗牛〖演唱会〗,周杰伦
蜗牛的家,莫扎特
蜡笔小新,电视原声
被情伤过的女人,黑龙
西双版纳,黑龙
西海情歌-西藏歌曲慢摇,降央卓玛
观世音菩萨发愿偈.大悲咒,齐豫
观音菩萨偈,齐豫
讨债难,李泽坚
讨债难dj版,李泽坚
让我一次爱个够+征服+哭不出来+存在,"那英,庾澄庆,汪峰,张惠妹"
让我一次爱个够征服哭不出来存在,"那英,庾澄庆,汪峰,张惠妹"
让我为你唱首歌,"俞灏明,魏晨,朱梓骁,张翰"
让泪化作相思雨,庞龙
讲文明懂礼貌,儿歌
该死的温柔,"马天宇,斯琴高丽"
说再见不应该在秋天,"栗雅馨,王子月"
说唱脸谱,凤凰传奇
请别离开我,黑龙
诺,"杨洋,李炜"
谁才是你今生最爱的人DJ版,何龙雨
谁是我的新娘,衡越
谁都不要说分手,"冷漠,龙梅子"
谁都不要说分手-快三开心,"龙梅子,冷漠"
谎言,BigBang
贝多芬病毒,贝多芬
赤裸裸的离开,"龙梅子,老猫"
走出你的世界我更寂寞DJQQ,樊少华
走出你的世界我更寂寞DJ阿圣,樊少华
走在乡间的小路上,卓依婷
走进新时代,卓依婷
赶着马车去北京,MC
趁早,张宇
跳起来唱起来,玖月奇迹
蹦吧啦,DJ舞曲
蹦吧啦BoBaLa,DJ小可
轻轻听,基督教歌曲
辣妹子,宋祖英
运命のル`レットhして,名侦探柯南
还有一个,金泰妍
迷人的危险-紫色迷情,DanceFlow
迷失的纯真,张祥洪
迷茫的爱,"郭玲,冷漠"
追风少年,吴奇隆
逝去的日子,Beyond
遇见你是我的缘,高胜美
那丝也有春天,大鹏
那个男人,张碧晨
那些年我们一起追过的女孩,李行亮
那样的你,宝儿
都市情缘,云菲菲
都是寂寞犯的错DJQQ,樊少华
都是缘分惹的祸,安东阳
都是酒精惹的祸,何龙雨
都是酒精惹的祸22,何龙雨
酒后更想你,高安
金秀贤-相爱不可以吗韩剧DreamHigh插曲清唱版,金秀贤
钓鱼岛是中国的,dj舞曲
钢琴曲梁祝,群星
钢琴独奏,天空之城
铁窗泪,"迟志强,张秀艳"
铃儿响叮当,儿童歌曲
铃儿响叮当-英文童声版,圣诞歌曲
错位节拍,"单色凌,何艺纱"
错爱情歌,庄心妍
错过了缘分错过了你,司徒兰芳
错过了缘分错过了你,何龙雨
错过了缘分错过了你DJ版,何龙雨
错过了缘分错过你伦巴舞曲,何龙雨
长城长,董文华
长江之歌,殷秀梅
长路漫漫任我闯,林子祥
阿弥陀佛,佛曲
阿弥陀佛心咒-地藏经唱诵版,佛教音乐
除了春天爱情和樱花,"High4,IU"
隐身守候,孙子涵
难忘初恋的情人,邓丽君
难念的经-经典著作天龙八部主题曲,周华健
难道爱一个人有错吗,郑源
雕花笼,董贞
雨中漫步,TheDaydream
雨宗林-过期的爱情电视剧最美的时光片尾曲,雨宗林
雨的印记,"伤感,背景音乐"
雨花石-石头合唱,李玉刚
雨花石-魔喉石头amp,"李玉刚,石头"
雨还是不停的落下,孙燕姿
雪之华,中岛美嘉
露馅了吧,15＆
青春无悔,"老狼,叶蓓"
青春日记,沙宝亮
青藏女孩,白玛多吉
音乐瞬间,舒伯特
顺流、逆流,徐小凤
预谋,许佳慧
预谋dj皮卡丘可爱版,佚名
风中有朵雨做的云,"杨钰莹,孟庭苇"
风吹过的街道,钢琴曲
风的颜色,"赵咏华,李正帆"
风起天阑,河图
飞羽,"董贞,崔岩"
马背上的柔情,草原歌曲
骆驼之歌-王小黑,MC
鬼步舞曲,dj舞曲
魅妆,简红
魅惑钢琴,钢琴曲
魔兽世界-游戏原声,亡灵序曲
魔力无限,王绎龙
鱼水情歌,陈瑞
鸟之诗,初音未来
鸟叔-绅士,鸟叔
鸽子,宋冬野
鹅鹅鹅,小蓓蕾组合
麻木-2013最新串烧电音喊麦www.y2002.com,MC
麻木-2013经典语言不一样的节奏,MC
麻木-x8飞曲好听也好玩麻木作品mp326,MC
麻花辫子,郑智化
黄叶舞春风,罗百吉
黄土高坡,杭天琪
黑暗中的舞者,代青塔娜
黑色柳丁,陶
龙猫,宫崎骏
Heaven's Day,东方神起
No Matter What,Boyzone
你将看到,神思者
像男人一样去战斗,小宇DJ
兄弟的歌,黑龙;徐亮
"听,是谁在唱歌",刘若英 黄韵玲
坏男孩,张惠妹;Badboy
声动亚洲 (Live版),霍尊;离人
大象拔河,小蓓蕾组合
奥特曼主题曲,毛华锋
"女人们,你们听好.",MC天佑
性感不是骚,mix;Dj
我悄悄地蒙上你的眼睛,高明骏;陈艾湄
我的好兄弟 (Live版),高进;张羽
明天你好 (伴奏),牛奶咖啡
