10minutes-韩国歌曲,李孝利
16.不,陈百强
200,乐童音乐家
200%,乐童音乐家
2010世界杯主题曲,wakawaka
2012社会磕,"DJ,洪磊,MC"
2013孤独的人是可耻的,张楚
2013深港最新中文串烧大碟,DJ
2013社会磕,"洪磊,MC"
21Guns,GreenDay
3-指挥战歌,德国战车
"4.Amorecaro,amorebello",RichardClayderman
7Days,CraigDavid
93MillionMiles,JasonMraz
99次我爱他,元若蓝
A.I.N.Y.（爱你）,G.E.M.邓紫棋
A.I.N.Y.（爱你）,G.E.M.邓紫棋
ACityOfSadness,神思者
ADayWithoutRain,Enya
AINY爱你,G.E.M.邓紫棋
ALittleInspiration,JoDeLaRosa
ALoadedSmile,AdamLambert
ANGEL,EXO-M
ANewDayHasCome,CélineDion
APlaceNearby,LeneMarlin
AfterTonight,G.E.M.邓紫棋
Al'envers,Rose
AllAboutU,G.E.M.邓紫棋
AllByMyself,姚贝娜
AllByMyself,CélineDion
AllOverAgain,RonanKeating
AllRise,Blue
AllTooWell,TaylorSwift
AlmostLover,AFineFrenzy
AlwaysComeBackToYourLove,SamanthaMumba
AmIWrong,Nico&Vinz
AmazingGrace,HayleyWestenra
AmazingGrace,林育群
AnAngel,DeclanGalbraith
AngelBell,久石让
Angels(2004-Remaster),RobbieWilliams
AnotherWayToDie,AliciaKeys
AnyManOfMine,ShaniaTwain
AreYouReady,"张惠妹,李琦,塔斯肯,刘雅婷,王拓"
Ariari(阿里阿里),李贞贤
AsIMovedOn,BlueFoundation
AsLongAsYouLoveMe,"JustinBieber,BigSean"
AsLongAsYouLoveMe,JustinBieber
AsLongAsYouLoveMe,JustinBieber
Ascension(Remix),"DopeArcade,MitiS"
BAMBAMBAM嘣嘣嘣,DJ舞曲
"Baby,Don'tCry(人鱼的眼泪)",EXO-M
"Baby,IMNotSureIfThisIsLove",Club8
BabyOneMoreTime,BritneySpears
BabyOneMoreTime,BritneySpears
BackAtOne,BrianMcknight
BadBoy,张惠妹
BadDay,DanielPowter
BalladeNo.2InBMinor第二号叙事曲,Maksim
BambooDance,和平之月
BarbieGirl,Aqua
BeatIt,迈克尔杰克逊
BeautifulDirtyRich,LadyGaga
BeautifulInWhite,ShaneFilan
BeautifulLight,金志文
BeautifulOnes,Suede
BeautifulPeople,"ChrisBrown,BennyBenassi"
BeautifulWorld,Westlife
BeautifulWorld,宇多田光
BeautyAndABeat,JustinBieber
BecauseOfYou,Ne-Yo
BelieveMe,FortMinor
BetterInTime,LeonaLewis
BetterTogether,JackJohnson
Bewhatyouwannabe,Darin
BeyondTheGame,游戏原声
BigBigWorld,Emilia
BigBigWorld,Emilia
BigBigWorld,Emilia
BillyJean,迈克尔杰克逊
BingBing,CrayonPop
Bitchin'Summer,AvrilLavigne
Black&Blue,ChrisGarneau
BlackOrWhite,MichaelJackson
BlackStallion,GeorgeWinston
BleedingLove,萱萱
BleedingLove,LeonaLewis
Blossom/Meadow,GeorgeWinston
BlowingInTheWind,BobDylan
Blowin’InTheWind,BobDylan
BlurredLines,"RobinThicke,Pharrell,T.I."
BohemianRhapsody,Queen
BoomBoomBoom,王绎龙
BornToDie,LanaDelRey
BoulevardOfBrokenDreams,GreenDay
BoysBoysBoys,LadyGaga
BreakDown(Inst),SuperJunior-M
BreathandLife,Audiomachine
BreezeFromTheSea,自然与神思合奏团
BrotherLouie,ModernTalking
BrownEyes,LadyGaga
BurningInTheSkies,LinkinPark
Burnitdown,LinkinPark
Business,Eminem
Butter-Fly,和田光司
ByTheWay,RedHotChiliPeppers
ByeBye,MariahCarey
ByeByeBeautiful,Nightwish
CaliforniaDreaming,TheMamas&ThePapas
CaliforniaDreaming,North
CaliforniaGurls,"KatyPerry,SnoopDogg"
CaliforniaKingBed,Rihanna
CallYouTonight,WhitneyHouston
Callyourname,泽野弘之
Can'TGetOverYou,GrooveCoverage
Can'TTakeMyEyesOffYou,王若琳
Can'tRemembertoForgetYou,Shakira
CanTGetYouOutOfMyHead(ExtendedMix),KylieMinogue
CanYouFeelIt,JeanRoch
CanYouFeelMyWorld,王力宏
CanYouFeelTheLoveTonight,EltonJohn
CanonInD-II,"Pachelbel,RenaissanceEnsemble"
CanonandGigueinDmajorfor3violinsandbassocontinuo,VariousArtists
Can’tHoldUs,Macklemore&RyanLewis
CarelessWhisper,GeorgeMichael
CeFrumoasaEIubirea,Giulia
ChariotsOfFire,Vangelis
ChildhooodMemory（儿时记忆）,Bandari
ChristmasInMyHeart,SarahConnor
CloseToYou,Carpenters
ColdAsYou,TaylorSwift
ColorfulDays,朴树
ComeAndGetYourLove,Redbone
ComingHome,DiddyDirtyMoney
ConquestOfParadise,Vangelis
CouldThisBeLove,VictoriaAcosta
CountOnMe,BrunoMars
CountYourLastBlessings,Sum41
CrazyInLove,Beyonce
CrazyKids,Ke$ha
Creepin'UpOnYou,DarrenHayes
CroatianRhapsody(克罗地亚狂想曲),Maksim
CryOnMyShoulder,DeutschlandsuchtdenSuperstar
DJ版漂亮的姑娘就要嫁人啦,"龙梅子,老猫"
DaDaDa,王心凌
DancingInTheRain,水木年华
DanzaKuduro,DonOmar
DarkParadise,LanaDelRey
DearFriend,顺子
DjGotUsFallin'InLove,"Usher,Pitbull,Hypercrush"
DjGotUsFallin'InLove,"Usher,Pitbull"
Dj舞曲凤舞九天,群星
DoYouWanttoBuildaSnowman,"KristenBell,AgathaLeeMonn"
Don'TCry,GunsN'Roses
Don'TWannaGoHome,JasonDerulo
DonGiovanni,RichardClayderman
DonTBreakMyHeart,黑豹乐队
DonTKnowWhy,NorahJones
DonTTreatMeLikeAFool,Blue
Don’TTurnOffTheLights,EnriqueIglesias
Doo-Be-Di-Boy,Smile
DragonRider,TwoStepsFromHell
"Drama,Love&'Lationships",Babyface
DreamingInTheMoonlight梦于月光中,Bandari
DreamsWillNeverDie,Isgaard
DuHast,rammstein
DyingInTheSun,TheCranberries
DyingInTheSun,TheCranberries
D大调嬉游曲,胎教音乐
EPensoate,RichardClayderman
EXEC_COSMOFLIPS_.,吉田亚纪子
EarthSong,MichaelJackson
EasyComeEasyGo,"蔡健雅,MCHotdog"
EchoesOfTheRainbow,李治廷
EenieMeenie(FeatSeanKingston),"JustinBieber,SeanKingston"
"Eh,Eh(NothingElseICanSay)",LadyGaga
EinkleinesLied,candee
ElectricRomeo,ImmediateMusic
EndCredits,HansZimmer
Europa(???）,少女时代
EveryBreathYouTake,"田园,唐荭菲"
EveryBreathYouTake,ThePolice
EverybodyHurts,AvrilLavigne
EverythingHasChanged,TaylorSwift
EyesOnMe,王菲
FadeToBlack,Metallica
FairyTale,ToniBraxton
FallinForYou,ColbieCaillat
FallingSlowly,LindaEder
FeelThisMoment,"Pitbull,ChristinaAguilera"
FindTheWay,中岛美嘉
FirstLove,宇多田光
FirstLove(feat.EB)(初恋),T-ara
FiveHundredMiles,"JustinTimberlake,StarkSands,CareyMulligan"
FlowerDance,DJOKAWARI
FlyAway,飞儿乐团
FootballKids,Club8
FootprintsInTheSand,LeonaLewis
FootprintsInTheSand,萱萱
ForNoReason,王若琳
ForbiddenLove(日剧《二千年之恋》配乐),神思者
ForeverLove（声动亚洲）,茜拉
FortheFirstTimeinForever,VariousArtists
FortheWin,TwoStepsFromHell
FragrantFields,GeorgeWinston
FreeLoop,DanielPowter
FucKin'Perfect,Pink
FuckYou,LilyAllen
Funrun,胡彦斌
GALAXYSUPERNOVA(PVFULLVER.),少女时代
GatesOfDawn,SecretGarden
GetDown(You'ReTheOneForMe),BackstreetBoys
GetOverYou,G.E.M.邓紫棋
GetUpOffaThatThing,JamesBrown
GoingHome,KennyG
GoingHome,SophieZelmani
GoingOut,久石让
GoodBye,张根硕
GoodbyeMontana-Part2,GeorgeWinston
GoodbyeMyLover,JamesBlunt
Goodmorningtoyou早上好,小蓓蕾组合
GoodtobeBad,G.E.M.邓紫棋
GottaHaveYou,Theweepies
GreekMeditation希腊冥想曲,Bandari
GuiltyAllTheSame,"LinkinPark,Rakim"
GuitarSound,RonaldJenkees
HISTORY,EXO-K
HOLIDAY,T-ara
HallOfFame,"TheScript,will.i.am"
HandHold,曲婉婷
HandsOnTheRadio,ChrisGarneau
HandsUp举手狂欢,2PM
HarderBetterFasterStronger,DaftPunk
HarderToBreathe,Maroon5
HaruHaru,BigBang
HaveANiceDay,FredCoury
HealTheWorld,MichaelJackson
HealTheWorld,MichaelJackson
HeartAndSoul,KennyG
HeartAttack,EXO-M
HeartofCourage,TwoStepsFromHell
HeavenOnEarth人间天上,Bandari
Heaven’sDay,东方神起
HelloDolly,小野丽莎
HelloSeattle,OwlCity
HereWeAreAgain,电影原声
HereWithYou,AsherBook
Hero'sTheme,StevenBurke
HeyBaby(DropItToTheFloor),Pitbull
HeyGirlDon'TBotherMe,TheTams
HeyOh,Tragedie
HisMistakes,Usher
HolyVirgin(ExtendedMix),GrooveCoverage
HoneyHoney,孙燕姿
HotSummer,f(x)
HowDeepIsYourLove,BeeGees
HushHush,AvrilLavigne
HushHush,ThePussycatDolls
I'MGonnaGetchaGood!,ShaniaTwain
I'MOuttaLove,Anastacia
I'MSorryThatTheKitchenIsOnFire,TamasWells
I'VeNeverBeenToMe,Charlene
I'llBeBack,2PM
I'mYours(AlbumVersion),JasonMraz
IBelieve,孙楠
IBelieve,我的野蛮女友
IBelieve,纯音乐
IBelieveICanFly,R.Kelly
IBelieveICanFly,R.Kelly
IBelieveICanFly,邓鼓
ICan't,2PM
ICouldBeTheOne(LpVersion),DonnaLewis
IGotYou(IFeelGood),JamesBrown
IHateMyselfForLovingYou,刘雅婷
IHateMyselfForLovingYou,JoanJett&theBlackhearts
IHaveNothing,WhitneyHouston
IHaveNothing,田丹
IJustCalledToSayILoveYou,StevieWonder
ILoveIt,IconaPop
ILoveYou,StewartMac
IMissU,本兮
INeedADoctor,Eminem
INeedYou,Westlife
INeedYourLove,"EllieGoulding,CalvinHarris"
ISayALittlePrayer,ArethaFranklin
IStayInLove,MariahCarey
IStillBelieve,MariahCarey
ISwear,TheMinions
IWannaBeWithYou,BackstreetBoys
IWantItThatWay,BackstreetBoys
IWantMyTearsBack,Nightwish
IWill,biancaryan
IWon'tGiveUp,JasonMraz
IchWill,rammstein
IfEveryoneCared(AlbumVersion),Nickelback
IfICouldFly,JoeSatriani
IfICouldTellYou,Yanni
IfIDieYoung,TheBandPerry
IfILetYouGo,Westlife
IfOnlyYou,DannySaucedo
IfYouWantMe,"MarketaIrglova,GlenHansard"
InTheEnd,LinkinPark
InTheEnd(AlbumVersion),LinkinPark
InTheMorningLight,Yanni
InYourHands,JasonMraz
InternationalLove,"Pitbull,ChrisBrown"
Islands(岛群),SuperJunior
It'sMyLife,BonJovi
It'sMyParty,JessieJ
ItShouldBeEasy,BritneySpears
JasmineFlower茉莉花,KennyG
Jeanny珍妮,罗百吉
JingleBells,Carpenters
JustCan’TGetEnough,TheBlackEyedPeas
JustOneLastDance,SarahConnor
KeepWalkingorI'llKillYou,AgnesKain
KissGoodbye,王力宏
KissGoodbye,王力宏
KnockKnock,Lenka
Knockin'OnHeaven'sDoor,毕夏
KnockinOnHeavenSDoor,AvrilLavigne
KnockingOnHeaven’SDoor,BobDylan
Kolibre（蜂鸟）,Maksim
K歌之王(国语),陈奕迅
LOVEYOULIKEALOVESONG,"SelenaGomez,theScene"
LaBalladeOfLady&Bird,Lady&Bird
LaChaTa,f(x)
LaIslaBonita,Madonna
LaVieEnRose,LouisArmstrong
LaVieEnRose玫瑰人生,小野丽莎
LadyMarmalade,"ChristinaAguilera,Lil'Kim,Mya,Pink"
LargerThanLife,MichaelLington
LastOfTheWilds,Nightwish
LastOfTheWilds,Nightwish
LatinGirl,JustinBieber
LeaveOutAllTheRest(SingleVersion),LinkinPark
LegendaryLovers,KatyPerry
LemonTree,FoolSGarden
Let'sStartFromHere,王若琳
LetItBe,TheBeatles
LetItGo,"VariousArtists,MarshaMilanLondoh,WillemijnVerkaik,NadezhdaPanayotova"
LetItRain,Nichkhun
LetMeGo,"AvrilLavigne,ChadKroeger"
LetMeGo,"AvrilLavigne,ChadKroeger"
Let’sDance(偕乐),SuperJunior
Liekkas,SofiaJannok
LifeForRent,Dido
Lighters,BrunoMars
LikeTheWind(日剧《爱情白皮书》配乐),神思者
LittleGirlInTheWorld,林二汶
LiveTomorrow,Laleh
LivingToLoveYou,SarahConnor
LongLive,TaylorSwift
LongLongJourney,Enya
LoseYourself,Eminem
LostInParadise,王若琳
LoveInDecember,Club8
LoveIsColorblind(BonusTrack)(Feat.Tq),SarahConnor
LoveIsanOpenDoor,VariousArtists
LoveIs…,"朴章贤,"
LoveLoveLove,蔡依林
LoveLoveLove,蔡依林
LoveMe,JustinBieber
LoveMotion,李敏镐
LoveOfMyLife一生爱恋,Bandari
LoveStory,泰勒・斯威夫特
LoveStruckMeDown,曲婉婷
LoveTheWayYouLie,"Eminem,Rihanna"
LoveTheWayYouLie(PartIi),"Rihanna,Eminem"
LoveWillKeepUsAlive,Eagles
LovetheWayYouLie,Rihanna
LovingYou,KennyG
Loyal(EastCoastVersion),"ChrisBrown,LilWayne,FrenchMontana"
LuvLetter,DJOKAWARI
MAMA,EXO-K
MRTAXI,少女时代
MaBoo,T-ara
MadSummer,久石让
MadWorld,SusanBoyle
MadWorld,AdamLambert
MainTitle,RaminDjawadi
MakeLove,BigBang
MakeYouFeelMyLove,Adele
MakeYouFeelMyLove,张珈铭
MakingLoveOutOfNothingAtAll,AirSupply
Mascara（烟熏妆）,G.E.M.邓紫棋
MayItBe,Enya
MayItBe,Enya
MaybeI'LlGo,LeneMarlin
MeAndMyBrokenHeart,Rixton
MelonStreetBookClub,TamasWells
MeltTheSnow,ShayneWard
Menuett#6,LizStory
MerryGoRound,久石让
MiMiMi,Serebro
MissingYou,"G-Dragon,金润雅"
MissingYou,2NE1
MoonRiver,王若琳
MoonRiver,小野丽莎
Moongate,SecretGarden
MoonlightShadow,GrooveCoverage
MoonlightShadow,DanaWinner
MoreThanAnyone,蔡健雅
Mr.Worldwide(Intro),"Pitbull,Vein"
MugamSayagi(1993),KronosQuartet
MurderMyHeart,MichaelBolton
MyAll,滨崎步
MyAll,MariahCarey
MyDecember,LinkinPark
MyDestiny,LYn
MyDestiny（你是我的命运）,LYn
MyEverything(2013Re-recording),李敏镐
MyHappyEnding,AvrilLavigne
MyHeartWillGoOn,CelineDion
MyHeartWillGoOn,KennyG
MyHumps,TheBlackEyedPeas
MyOhMy,Aqua
MySongsKnowWhatYouDid...,FallOutBoy
MySongsKnowWhatYouDidInTheDark(LightEmUp),FallOutBoy
MyTurnToCry,EXO
Nemo(AlbumVersion),Nightwish
NeverGrowUp,TaylorSwift
NeverHadADreamComeTrue,SClub7
NeverKnow,JackJohnson
NeverSayGoodbye,Mario&Nasty
NeverSayNever,TheFray
NewAgain,"BradPaisley,SaraEvans"
NewBoy,朴树
NewDayComing,自然与神思合奏团
NewDivide,LinkinPark
NewDivide,LinkinPark
NewSoul,YaelNaim
NightPrayer,Iridio
NoMatterWhat,Boyzone
NoMatterWhat,Boyzone
NoPromises,ShayneWard
NobodyButYou,BackstreetBoys
NotAfraid,Eminem
Nothing'SGoingToChangeMyLoveForYou,Westlife
Nothing'SGonnaChangeMyLoveForYou,方大同
Nothing'SGonnaChangeMyLoveForYou(AlbumVersion),GEORGEBENSON
NothingInTheWorld,AtomicKitten
NothingOnYou,邓福如
NuAbo(NU???),f(x)
Numb(LiveInTexas),LinkinPark
NumbEncore,"林肯公园,Jay-Z,德瑞博士,50美分,艾米纳姆"
OceanWaves,GeorgeWinston
OhBoy,G.E.M.邓紫棋
OnTheFloor,"JenniferLopez,Pitbull"
OnTheRadio,GrooveCoverage
OneDayInSpring,Bandari
OneEvening(VvMix),Feist
OneLastTime,KellyMack
OneLove,Blue
OneMan'SDream,Yanni
OneNightIn北京,信乐团
OneNightIn北京,信乐团
OneTime,JustinBieber
OnlyLove,GrooveCoverage
OnlyLove只有爱,Trademark
OntheFloor(Ft.Pitbull),JenniferLopez
OohLaLa,BritneySpears
OohLaLa,Goldfrapp
OurSong,TaylorSwift
OutlawsOfLove,AdamLambert
PSY-江南Style高清官方版,PSY
PalaceMemories,神思者
ParadiseInLove,李敏镐
PartitaForDoubleStringOrchestra:Iv.Fantasia(Allegro),邓丽君
PartitaForDoubleStringOrchestra:Iv.Fantasia(Allegro),邓丽君
PartitaForDoubleStringOrchestra:Iv.Fantasia(Allegro),吉克隽逸
PartitaForDoubleStringOrchestra:Iv.Fantasia(Allegro),邓丽君
PartitaForDoubleStringOrchestra:Iv.Fantasia(Allegro),吉克隽逸
Passionata热情,Maksim
Pinnochio(Danger),f(x)
PorUnaCabeza,汤玛斯纽曼
PrettyBaby,HoneyB&T-Bones
PrettyBoy(LpVersion),M2M
PrettyBoy(魅力男孩),"泰民,KAI(EXO)"
PriceTag,"B.o.B,JessieJ"
PrisonerOfLove,宇多田光
ProudOfYou,冯曦妤
QueSeraSera,DorisDay
R.O.D.,"G-Dragon,LydiaPaek"
ROADSUNTRAVELED,LinkinPark
RageYourDream,Move
RatherBe,"CleanBandit,JessGlynne"
RatherBefeat.JessGlynne,CleanBandit
Re:make,OneOkRock
RedneckWoman,GretchenWilson
RememberTheName,FortMinor
RequiemForATower,Escala
ReturnToInnocence,Enigma
RightHereWaiting,RichardMarx
RingRingRing,S.H.E
RingaLinga,太阳
RiverSide,久石让
Roc,Nadiya
RollTheDice(Demo),高姗
RollingInTheDeep,吉克隽逸
RollingInTheDeep,KimYarbrough
RollingStar,Yui
RunAway,本兮
RunDevilRun,少女时代
RunawayBaby,BrunoMars
SavingAllMyLoveForYou,孟楠
SayItRight,NellyFurtado
"SayYou,SayMe",LionelRichie
ScarborougeFair（声动亚洲）,霍尊
SeasonsInTheSun,Westlife
SetFiretotherain（声动亚洲）,茜拉
SevenYears,NorahJones
"Sexy,Free&Single",SuperJunior
Sexyback,"JustinTimberlake,Timbaland"
Sexymusic+冬天里的一把火,"吉克隽逸,刘昊霖"
ShallWeTalk,陈奕迅
ShapeOfMyHeart,Sting
ShapeOfMyHeart,BackstreetBoys
She'sGone,Steelheart
ShiningFriends,冯曦妤
ShotgunSenorita,BlueStahli
Shots,LMFAO
ShouldItMatter,Sissel
ShutUpAndLetMeGo,TheTingTings
Silentnight,BellyGilman
SingleLadies(PutARingOnIt),Beyonce
SmoothCriminal,MichaelJackson
Snow静静的雪,Bandari
SoCold,pauladeanda
SoFar,ChrisGarneau
SoSick,Ne-Yo
SoWhat,P!nk
Some(?)(feat.???Of??),"昭宥,Junggigo"
SomebodyLovesSomebody,CélineDion
SomebodyThatIUsedtoKnow,"Kimbra,Gotye"
SomedayI’llFly,G.E.M.邓紫棋
SomedayWe'llBeTogether,VondaShepard
SomewhereIBelong(AlbumVersion),LinkinPark
SongFromASecretGarden,SecretGarden
SongFromASecretGarden,SecretGarden
"Sorry,Sorry",SuperJunior
"Sorry,Sorry(????)",SuperJunior
SorrySeemsToBeTheHardestWord(Feat.EltonJohn),"Blue,EltonJohn"
SoundOfSilence,Ania
Spanish,CraigDavid
SpiritedAway-OneSummer'SDay,久石让
StandByMe,"葛泓语,张珈铭"
StaringattheSun,U2
StayBeautiful,TaylorSwift
StayHereForever,Jewel
StayHereForever,Jewel
"Steppe,EndlessSteppe(Arr.V.Afanasiev)","St.PetersburgMaleVoiceChoir,VadimAfanasiev"
StillWaiting,Sum41
StoryOfMyLife,BonJovi
StrengthofaThousandMen,TwoStepsFromHell
SummerRoad,久石让
Summertrain,GreysonChance
SunshineGirl,moumoon
SunshineInTheRain,BwO
SuperStyle,SpeXial
SupermassiveBlackHole,MUSE
SweetDream,张娜拉
T.T.L(TimeToLove),T-ara
TVエンディングテ`マ,和平之月
"TakeMeHome,CountryRoads",JohnDenver
"TakeMeHome,CountryRoads",JohnDenver
"TakeMeHome,CountryRoads",塔斯肯
TakeMeHomeCountryRoads,小野丽莎
TakeMyHand,SimplePlan
TakeYou,JustinBieber
TalkingToTheMoon,BrunoMars
TearsInHeaven,EricClapton
TeenageLife,DazSampson
TellMe,潘玮柏
TellMeWhy,"DeclanGalbraith,TheYoungVoicesChoir"
TellMeWhy,Lafee
ThankYou,Dido
ThankYou,Dido
ThatPlaceInYourHeart,RonanHardiman
ThatSWhy(YouGoAway),MichaelLearnsToRock
Thatxx,G-Dragon
TheAplSong,TheBlackEyedPeas
TheBest,苏梦玫
TheCupofLife,RickyMartin
TheDawn,Dreamtale
TheDayYouWentAway,M2M
TheDivaDance,贵族乐团
TheEndOfTheWorld,SkeeterDavis
TheEscapist(Bside),Nightwish
TheFinalCountdown,Europe
TheFirstCutIsTheDeepest,RodStewart
TheFirstSnowflakes,班得瑞
TheGarden,GeorgeWinston
TheMagnificentSeven,erichkunzel
TheMagnificentSeven-Suite,群星
TheMass,Era
TheOneYouLove,GlennFrey
ThePowerOfLove,CélineDion
ThePromise,SecretGarden
TheRain,久石让
TheRaisingFightingSpirit,火影忍者
TheRiddle,FiveForFighting
TheRose,Westlife
TheRose(extraver.),手炜
TheSaltwaterRoom,OwlCity
TheSaltwaterRoom,OwlCity
TheShadow(inst),宝儿
TheTruthThatYouLeave,pianoboy
TheVeniceDreamer:PartTwo,GeorgeWinston
TheVoiceWithin,ChristinaAguilera
TheWayOfTheWind微风吹拂的方式,Bandari
TheWindmillsOfYourMind,DustySpringfield
ThehillofThieves,CaraDillon
ThemeFromDyingYoung,KennyG
ThereYou'llBe,FaithHill
ThisIsTheNewShit,MarilynManson
ThisLove,Maroon5
ThriftShop,Macklemore&RyanLewis
ThroughTheWire,KanyeWest
TikTok,AvrilLavigne
TillICollapse,"Eminem,NateDogg"
TimeAfterTime,CyndiLauper
TimeInABottle,jimcroce
TimeToSayGoodbye(ConTePartiro),"AndreaBocelli,SarahBrightman"
TimeToSayGoodbye(ConTePartiro),"SarahBrightman,AndreaBocelli"
Timeaftertime～花舞う街で～,仓木麻衣
ToBeWithYou,Mr.Big
ToTheSky,OwlCity
"Tonight,IFeelCloseToYou","孙燕姿,仓木麻衣"
TonightIWannaCry,KeithUrban
TooManyBeautifulGirls(被美女着迷),SuperJunior
TooMuchBetweenUs,GeorgeWinston
TopOfTheWorld,Carpenters
TouchMyBody,MariahCarey
TrackYouDown,SondreLerche
TravelingLight,JoelHanson
TrueLove,蔡健雅
TrulyMadlyDeeply,SavageGarden(野人花园)
TryToRemember,黎明
TryingTimes,BoyzIIMen
TurnDownForWhat,"DJSnake,LilJon"
TwinkleTwinkleLittleStar,Twins
"TwoDegreesEast,ThreeDegreesWest(LpVersion)",JohnLewis
UDriveMeCrazy,NSync
UMakeMeWanna,Blue
UnAngeFrappeAMaPorte,NatashaSt-Pier
UnchainedMelody,TheRighteousBrothers
UnforgivableSinner,LeneMarlin
UntilYou,ShayneWard
UsAgainstTheWorld,Westlife
Victory（胜利Remix版）,Maksim
VideoKilledTheRadioStar,TheBuggles
VisionOfLove,MariahCarey
VoisSurTonChemin,原声大碟
WakaWaka(EstoEsAfrica),Shakira
WakaWaka(ThisTimeForAfrica),Shakira
WalkAway,"HighSchoolMusicalCast,VanessaHudgens"
WalkAway,DiaFrampton
WalkingAway,ChianoSky
WalkingInTheAir,AledJones
WayBackIntoLove,HughGrant
WeAreElectric,FlyingSteps
WeAreOne,Westlife
WeAreOne(OleOla),"Pitbull,JenniferLopez,ClaudiaLeitte"
WeAreOne(OleOla)[TheOfficial2014FIFAWorldCupSong],"Pitbull,JenniferLopez,ClaudiaLeitte"
WeAreTheChampions,Queen
WeAreTheWorld,MichaelJackson
WeBelongTogether,MariahCarey
WeCan'tStop[radioedit-clean],MileyCyrus
WeDidn'tMoveAMuscle,ANT
WeFoundLove,"Rihanna,CalvinHarris"
WeWishYouAMerryChristmas,Enya
What'sUp?,刘雅婷
WhatAWonderfulWorld,LouisArmstrong
WhatAreWords,ChrisMedina
WhatCanIDo,南拳妈妈
WhatHaveUDone,G.E.M.邓紫棋
WhatI'VeDone,LinkinPark
WhatIsDancing,未知
WhatayaWantFromMe,"张玮,AdamLambert"
WhenAManLovesAWoman,MichaelBolton
WhenI'MGone,Eminem
WhenIFallInLove,"CelineDion,clivegriffin"
WhenWeStandTogether,Nickelback
WhenYou'ReGone,AvrilLavigne
WhenYou'reGone,AvrilLavigne
WhenYouBelieve,"WhitneyHouston,MariahCarey"
WhenYouCry,凤凰传奇
WhenYouSayNothingAtAll,RonanKeating
WhenYouSayNothingAtAll,AlisonKrauss
WhenYouSayNothingAtAll,AlisonKrauss
"Whenever,Wherever",Shakira
WhereAreYouNow,GeorgeWinston
WhereDidUGo,邓紫棋
WhereDidUGo,G.E.M.邓紫棋
WhereDidYouGo2.0(SamVahdatRemix),G.E.M.邓紫棋
WhoSays,SelenaGomez
WhyWouldIEver,pauladeanda
WildChild,Enya
WishIHadAnAngel,Nightwish
WishYouWereHere,AvrilLavigne
WithAnOrchid,Yanni
WithoutMe,Eminem
WithoutYou,MariahCarey
WithoutYou,MariahCarey
Won'TGoHomeWithoutYou,Maroon5
WonderfulTonight,EricClapton
YesterdayOnceMore,Carpenters
YesterdayOnceMore,Carpenters
YesterdayOnceMore,Carpenters
You'ReBeautiful,JamesBlunt
You'ReBeautiful,JamesBlunt
YouAreBeautiful,韦礼安
YouAreMySunshine,CarlySimon
YouAreTheOne,C21
YouBelongToMe,JasonWade
YouMustLoveMe,Madonna
YouRaiseMeUp,金润吉
YouRaiseMeUp,SecretGarden
a-思乡佛号,佛教音乐
alwayswithme,"久石让,钢琴曲"
anyclub,李孝利
badapple,初音未来
beautifullies,b-complex
bootymusic,DeepSide
braveheart,m崎i
butterfly,和田光司
crossingfield,织部里沙
d-大调卡农,钢琴曲
dj,金达莱花
f(x);D.O.-GoodbyeSummer(f(AmberLunaKrystal)),"f(x),D.O."
hold住爱,"龙梅子,老猫"
ifyouarehappy,小蓓蕾组合
inori,西村由纪江
itismylife,bonjovi
itsmylife,LinkinPark
jamisoulshe-featmr.bangannie,萨克斯
jinglebells,小蓓蕾组合
kisstherain(雨的印记),李闰珉
letitbe,TheBeatles
londonbridge,小蓓蕾组合
lubov,Rosstallanma
mariaarredondomariaarredond,Burning
maryhadaLittlelamb,小蓓蕾组合
mlk(featsnoopdoggnatedogg),"龙梅子,WarrenG"
mp3,白狐
"one,tow,three,four,five",小蓓蕾组合
onefordamoney,overground
onlymyrailgun,fripSide
prettyboy,英文歌曲
riverflowsinyou(在身上流动的河),李闰珉
rollinginthedeep,中国好声音
secretbase～君がくれたもの～,Zone
sheisgone,歌浴森
sosorry,简红
wreckingball-dj-davisremix,Frankmusik
x-x/x!x./xx-x0x.x-(x-,乌兰托娅
βios,泽野弘之
βios,梢昂胫
【交谊舞慢四】空城杨坤】年春晚歌曲,杨坤
あなただけつめてる,大\摩季
かざぐるま,一青窈
ひとり上手(漫步人生路原曲),中岛美雪
エウテルペ,Egoist
クルマレテ,吉田亚纪子
ニワカアメ,花たん
一万个舍不得(DJAlex.xMixVersion),"庄心妍,祁隆"
一万次悲伤,逃跑计划
一不小心爱上你,"江映蓉,张翰"
一世情缘一世愁,陈瑞
一个人唱情歌(rap版),带泪的鱼
一个人唱情歌(旋律版),带泪的鱼
一个人疗伤,带泪的鱼
一个人的北京,山野
一个人的北京,好妹妹乐队
一个人的情歌,"带泪的鱼,MC诺"
一个人的时光(新曲),石进
一个人的疗伤,带泪的鱼
一个人的脚步,艾歌
一个人的脚步-2011-house,艾歌
一个像夏天一个像秋天,范玮琪
一个爱上浪漫的人,孟庭苇
一个男人,金钟国
一事无成,"周柏豪,郑融"
一二三四歌,阎维文
一亿个伤心,蒙面哥
一亿个伤心,蒙面哥
一亿个伤心,网络歌手
一分钱,小蓓蕾组合
一加一等于我爱你,贺世哲
一千个轮回,易丹
一千个轮回,易丹
一千零一个愿望,4InLove
一天一天(OrchestraVer.),BIGBANG
一定要爱你,孙露
一封家书,石进
一帅到底(动画片《熊出没》插曲),崔健
一曲相送,图桠格
一曲红尘,郭少杰
一段情一段伤,龙梅子
一段情歌一段伤,龙梅子
一片艳阳天,杨钰莹
一物降一物,门丽
一生一世爱一回,闫旭
一生去守候,高安
一生爱你千百回,梅艳芳
一生爱你千百回,梅艳芳
一百个放心,张津涤
一起摇吧,谢华
一起摇吧,谢华
一路不变,温岚
一路的歌唱,"张冬玲,阿宝"
一辈子一场梦,张卫健
一辈子的赌注,祁隆
七剑战歌,七剑
七滴眼泪,六哲
七秒钟的记忆,徐良vs孙羽幽
七秒钟的记忆(feat.孙羽幽),徐良
七秒钟的记忆-苏小小,徐良
七色光,小蓓蕾组合
万壑松风图,史志有
万家灯火,艾歌
万山之巅,徐千雅
万物生(梵文),萨顶顶
万物生（中文版）,萨顶顶
万里长城永不倒,叶振棠
万里长城永不倒,罗文
三十三块,郑智化
三千世界鸦杀尽,洛天依
三只熊(韩国儿歌),未知
三既展,梁静茹
三天,黑龙
三天三夜(伴奏),歌浴森
三妻四妾,王媛渊
三字经,经典老歌
三家店-将身儿来至在大街口,于魁智
三德歌,谭晶
三步踩,交谊舞曲
三步踩-天高云蓝2008-7,草原歌曲
三生三世,孟庭苇
三生三世,"王蓉,萧正楠"
三生石三生路,阿兰
三百六十五个祝福,蔡国庆
三百六十五里路,文章
三轮车-谢小宇,MC
上山打老虎,小蓓蕾组合
上帝是个女孩,欧美经典
上帝是女孩-钢琴演奏舒缓版,钢琴曲
上班上班,李泽坚
上瘾(??)(Overdose),EXO-K
上瘾的毒药,李泽坚
上邪-唱,小曲儿
上马酒之歌,乌兰托娅
下一次爱情来的时候,蔡健雅
下一秒,G.E.M.邓紫棋
下一站是幸福,徐千雅
下一首悲哀,"单色凌,梦岚"
下定决心忘记你,网络歌手
下定决心忘记你,大哲
下辈子不做女人,陈瑞
下辈子不要再遇见你,艾歌
下辈子也要找到你,孙露
下辈子也要找到你,张艾文
下辈子做你的女人(remix王志),龙梅子
下辈子做你的女人-dj王志rmx,龙梅子
下辈子如果我还记得你,马郁
下雨时你会想起谁,石进
下马酒,草原歌曲
下马酒之歌,德德玛
不会再让你哭,祁隆
不会改变,谢天笑
不做你幸福的玫瑰,红月
不再留恋,耿云飞
不分手的恋爱-网络歌手完美版,汪苏泷
不如去嗨,易丹
不存在的存在,邓紫棋
不必多说,任军太
不怨,袁姗姗
不怨(电视剧《宫锁连城》主题曲),袁姗姗
不想回家的女人,大哲
不想回家的女人,孙露
不想离开,张栋梁
不想让你哭,王强
不愿放手,黑龙
不是因为你美丽我才爱上你DJ版,何龙雨
不是因为寂寞才想你,T.R.Y
不是对不起都换来没关系,李贵府
不是每个恋曲都有美好回忆,林志颖
不是现在(?????),BEAST
不白活一回,毛阿敏
不眠之夜(?????),"Crush,(Punch)"
不离不弃,"艾歌,丁童"
不离不弃,"艾歌,丁童"
不管发生什么别放开我的手,"高恺蔚,赵心蕾"
不管有多老,何真真
"不能分手的女人,不能离开的男人",LeeSsang
不能厮守的爱,李泽坚
不能厮守的爱,李泽坚
不能厮守的爱dj版,李泽坚
不要再来伤害我,孙露
不要再来伤害我,张振宇
不要再说你还爱我,冷漠
不要在脸上留下眼泪,"罗百吉,宝贝"
不要对我说,程响
不要对我说无所谓,祁隆
不要认为自己没有用,成龙
不要让爱你的人再受伤,李贵府
不见长安,河图
不该相遇在秋天,程响
不配说爱我,常艾非
且试天下,墨明棋妙
世界名曲,轻音乐
世界第一的公主殿下-miku,初音未来
东京爱情故事-突然发生的爱情主题曲,小田和正
东北东北,张冬玲
东北人都是活雷锋,雪村
东南西北风,李玲玉
东南西北风,卓依婷
东方中国龙,李贵府
两地情缘,"程响,王羽泽"
丫头,王童语
中三傍晚的思念,"龙梅子,草原歌曲"
中国人民解放军军歌,红色摇滚
中国人民解放军进行曲,军歌
中国十大古典名曲之五,"古典音乐,十面埋伏"
中国少年先锋队队歌,中国少年先锋队队歌
中国火,谢华
中国移动,"黑龙,冷漠"
中国节,皆大欢喜
中国马,朱贝贝
中意他,梁咏琪
串烧,"经典老歌,慢摇,宝丽金"
串烧-11首,周杰伦
串烧舞曲club,ashao
临水照花,"晃儿,墨明棋妙"
丹顶鹤的故事,朱哲琴
"为了你,为了我",Beyond
为了我为了你,任军太
为了谁,"祖海,佟铁鑫"
为了谁,龚h
为了谁,"祖海,佟铁鑫"
为了谁,董文华
为什么你要伤害一个爱你的人,欢子
为什么受伤的总是我,林志颖
为什么相爱的人不能在一起,郑源
为你等待,白玛多吉
为你等待,次仁央宗
为你跑成罗圈腿,阿宝
为梦想领跑,容中尔甲
为龙,河图
主是我力量,基督教歌曲
久别的人,白雪
久别的人,白雪
么么哒,王麟
义勇军进行曲,国歌
乘客,王菲
九九女儿红,陈少华
九夏忧伤,带泪的鱼
九月九的酒,陈少华
九鼎天下,董贞
乡恋,李谷一
二泉吟,董文华
于谦-于谦泡澡,郭德纲
于谦-人在江湖相声专场跨年晚会,郭德纲
于谦-潘壳嗄,郭德纲
于谦-弄死你巡演大连,郭德纲
于谦-最新力作爆笑演绎快乐生活,郭德纲
于谦-相声我要旅游德云社,郭德纲
于谦-郭德纲于谦禁播相声小段,郭德纲
亏欠一生,裘海正
云水禅心,古筝佛赞
五哥放羊,阿宝
五百年桑田沧海,龚h
五百年桑田沧海(游戏《斗战神》主题曲),丹妮
五百年长海桑田,西游记
亚洲之夜,罗百吉
交响童话,胎教音乐
亲亲老婆,任军太
亲亲老婆,任军太
亲亲老婆(dj版),任军太
亲密的爱人,梅艳芳
亲爱的你可知,程响
亲爱的你可知(奇葩版),程响
亲爱的你怎么不在我身边,江美琪
亲爱的姑娘我爱你,草原歌曲
亲爱的嫁给我DJ版,何龙雨
人在旅途,云菲菲
人在旅途,凤飞飞
人情味(????),"Gary,郑仁"
人生就是一场梦,艾歌
人生就是一场梦,艾歌
人间情多,李殊
人间正道是沧桑,韩磊
人~徽h,本多俊之
什么都不想要(声动亚洲),简红
今夜我对你想入非非,云菲菲
今夜无眠,周冰倩
今夜无眠,龚h
今夜舞起来,张冬玲
今天是你的生日,李娜
今天是你的生日我的祖国,董文华
今生有你,龙梅子
今生爱上你,"高安,张壹"
今生爱的就是你,祁隆
今生陪你一起走,冷漠
从一片落叶开始,"苏打绿,PriscillaAhn"
从头再来-重头再来,刘欢
从未这样心动过,祁隆
他和她的故事,萧亚轩
他的猫,徐良
仙剑赋,董贞
仙女湖,徐千雅
众人划桨开大船,付笛生
众里寻你,韩红
会有那一天,任军太
伞下,张宇
传奇（声动亚洲）,霍尊
传说中的天堂,艾歌
传说中的天堂-dj慢摇嗨曲,艾歌
传说中的天堂-劲爆dj-dj版,艾歌
传递梦想(让你移动),"黑龙,冷漠"
伤了我的眼(dj何鹏mix),李泽坚
伤害,李贵府
伤害DJ舞曲,李贵府
伤心城市对唱,"冷漠,云菲菲"
伤心城市（DJ版）,"云菲菲,冷漠"
伤心泪,陈星
伤心的人别听慢歌,五月天
伤心的人别听慢歌（贯彻快乐）,五月天
伤心的时候可以听情歌,欢子
伴奏,"亡灵序曲,女生版"
伶仃谣,河图
但愿人长久（声动亚洲）,"霍尊,韩真真"
低碳贝贝,"林妙可,柳博,香奈儿,群星"
何必西天万里遥,西游记
佛乐藏音大悲咒,大悲咒
佛说圣佛母般若波罗蜜多心经,王菲
你一定很爱他,黑龙
你不像她(新歌),南拳妈妈
你不是我（DJ版）,徐良
你不要再对他哭了(rap版),带泪的鱼
你不要再对他哭了(旋律版),带泪的鱼
你会爱我到什么时候,雷婷
你会爱我到什么时候,郑东
你会爱我到什么时候,陶钰玉
你要赞美耶和华,赞美之泉
你偷走了我的心,祁隆
你好吗，天气好吗,邓福如
你家门前(Inst.)????,金秀贤
你家门前(????),金秀贤
你家门前(????),金秀贤
你就是我最想要的人,老猫
你得娶我,郭德纲
你快乐(所以我快乐),王菲
你快乐未必我快乐,田馥甄
你怎么舍得我流泪,艾歌
你怎么舍得我流泪,艾歌
你想好怎么对她说,许佳慧
你想要的是什么,龙梅子
你懂不懂爱,唐古
你懂不懂爱,唐古
你懂得,李贵府
你懂得(Live),"杨钰莹,小沈阳"
你懂的DJ舞曲,李贵府
你把什么都带着,李泽坚
你把爱情给了谁(你把爱给了谁),黑龙
你把爱情给了谁-并四心兰制作,"龙梅子,王强"
你把爱还给我,高安
你是不是我最疼爱的人,蓝岚
你是太阳我是星星,"小臭臭,泰歌"
你是我今生最爱的女孩,孙露
你是我今生的唯一,艾歌
你是我今生的唯一-dj高品质,艾歌
你是我的主角,贺世哲
你是我的玫瑰花,庞龙
你是我的罗密欧,陈兴瑜
你是我的花朵,伍佰
你是风儿我是沙,"周杰,林心如"
你潇洒我漂亮,韩宝仪
你潇洒我漂亮,李玲玉
你猜猜我有多爱你,龙梅子
你的意味(????),"IU,"
你的所有瞬间(PianoVer.)??????,成诗京
你的所有瞬间（??????）,成诗京
你的温柔DJQQ,子枫
你的温柔DJ何鹏,子枫
你的温柔DJ阿圣,子枫
你的爱给了谁,歌浴森
你的生日,郑智化
你的眼睛背叛了你的心,张学友
你的眼角流着我的泪,曹越
你的长发（葫芦丝版）,张挥
你看蓝蓝的天,杨钰莹
你知道我在等你们分手吗,卫兰
你说爱我又不爱我,金生水
你身边的人曾经是我,"阿宝,张冬玲"
你那么想他不痛吗,带泪的鱼
你那么想他不痛吗,带泪的鱼
你那么想他不痛吗(rap版),带泪的鱼
使劲摇,芭比
依然-minemine,歌浴森
侥幸者,刘思涵
信天游,程琳
信天游,"阿宝,张冬玲"
修女的伤,程响
倍儿爽(官方正式版),大张伟
借点情借点爱,曹越
值得,迪克牛仔
倾尽天下,河图
倾尽天下,河图
假如爱有天意,卡洛儿
偏偏遇见你,艾歌
做你心上的人（520告白版）,唐古
做你怀里的那只猫,贺世哲
做你怀里的那只猫-dj加快2013,贺世哲
做你的爱人,饶天亮
做你的雪莲,"艾歌,何龙雨"
做你的雪莲,艾歌
做你的雪莲-dj良少2013-mix,艾歌
做你的雪莲-wo99.com消音bz-637661,艾歌
做你的雪莲-吉特巴海棠试听,艾歌
做你的雪莲-吉特阳光制作,艾歌
做你的雪莲-广东茂名阿河dj慢摇嗨曲,艾歌
做我老婆好不好,DJ小可
傲包相会,刀郎
傻傻男孩,吴欢
傻傻的爱傻傻等待,贺一航
傻瓜与野丫头,"张宇,徐熙娣"
像中枪一样(??????),白智英
像今天这样的眼泪(???????),许阁
像今天这样的眼泪(???????),许阁
像星(???),K.Will
像星(???),K.Will
像男人一样去战斗,"小宇,DJ"
像男人一样去战斗,孙浩雨
像男人一样去战斗-加快5倍,DJ
像蝴蝶一样飞,王绎龙
像针锥一样,带泪的鱼
像针锥一样,带泪的鱼
元芳你怎么看,"冷漠,赵小兵"
元芳你怎么看DJ版,"冷漠,赵小兵"
兄弟的歌,"黑龙,徐亮"
兄弟难当DJ何鹏,杜歌
兄弟难当DJ阿元,杜歌
光彩第二街,龙梅子
光芒全新缩混版,凤凰传奇
光辉岁月(国语版),黄家驹
克罗地亚狂想曲,马克西姆
克罗地亚狂想曲,MakSim
免失志,卓依婷
兔子舞,群星
兔子舞,英文歌曲
全世界丢弃了我你也不离开我,带泪的鱼
全世界丢弃了我你也不离开我,带泪的鱼
全世界宣布爱你,"孙子涵,李潇潇"
全世界宣布爱你,"孙子涵,李潇潇"
全世界最伤心的人,老猫
全世界最伤心的人(DJ舞曲),老猫
全世界都知道你变了心,艾歌
全新精选慢摇串烧,AaRON
八月照相馆,李健
八连杀肚兜,佚名
公路之歌,痛仰
六层楼,宋冬野
兰若词,墨明棋妙
兰若词,刘亦菲
共产党来了苦变甜,"刀郎,云朵"
关于那件事,"阿悄,庄心妍"
关忆北,宋冬野
内蒙古黑怕,"魏雪漫,MC"
再度重相逢,伍佰
再度重相逢,孙露
再度重相逢,伍佰
再接再励,龙梅子
再活五百年-3288,屠洪刚
再爱一回,任军太
再爱一回,任军太
再见(Inst.)??,孝琳(Sistar)
再见(??),孝琳(Sistar)
再见(??),孝琳(Sistar)
再见(??),孝琳(Sistar)
"再见,原点",白举纲
再见――警察,冯曦妤
再见了大别山,刘和刚
再见了最爱的人,水木年华
再见小时候,南拳妈妈
再见爱人,李泽坚
再见爱人,李泽坚
再见爱人dj版,李泽坚
再见爱人dj版,李泽坚
再见理想,Beyond
再见理想,Beyond
再说一次我爱你,刘德华
军中绿花,龚h
冬天里的白玫瑰,地铁兄弟T&T
冰冷的绝对,李泽坚
冰吻,王键
冰山上的雪莲,郑钧
冰河时代2(DjYufeiRemix),网络歌手
冰河时代女声中文版,DJ小可
冰火DJ舞曲,李贵府
冰糖葫芦,冯晓泉
冰雪战歌网,"我的好兄弟,MC"
冷冷再见,带泪的鱼
冷雨夜-词黄家强曲主唱黄,黄家驹
准提咒,陆墨妮
凌乱的华丽,单色凌
凌晨1点(????)(1AM),太阳
几秒钟,赵小兵
凤凰劫,河图
凤凰展翅,凤凰传奇
凤凰展翅,司徒兰芳
凤舞九天,DJ
出卖我,程响
出卖我-2012-dj加快版,程响
出卖我-a版2012-dj伟伟mix,程响
出卖我-b版2012-dj伟伟mix,程响
出卖我-dj-dj-mix-2012天皓,程响
出卖我-dj大雪慢摇大雪remix,程响
出卖我-dj子亮2012加快版高品质,程响
出卖我-dj小波2012-remix,程响
出卖我-dj志勇潮流版,程响
出卖我-dj最新版本,程响
出卖我-博白dj蓝锦疯狂版,程响
出卖我-慢摇嗨曲加快版dj阿呆上传,程响
出卖我DJ,程响
出卖我dj,程响
出墙,"程响,王嘉南"
出水莲,古筝
出界,张智成
出界,郑秀文
分开那天,程响
分手了别来打扰我,孙露
分手了别来打扰我,冷漠
分手了还是朋友,程响
分手了还是朋友,程响
分手了还是朋友-原版伴奏,程响
分手以后做个朋友,黑龙
分手以后做个朋友dj版,黑龙
分手再会(???????),Davichi
分手后还是朋友,高安
分手吧是我让你累了,吴爽
分手在那个秋天,DJ小可
分手在那个秋天,浩瀚
分手就分手,小山
刘哈哈与大先生,"刘心,大鹏"
刘海砍樵,"李谷一,武力"
初恋未满,张含韵&曹轩宾
别以为你帅,龙梅子
别再说,孙露
别再问我什么是迪斯科,张蔷
别咬我,"许嵩,影子,阿布"
别哭了宝贝DJ版,皓天
别哭我最爱的人,郑智化
别哭我最爱的人,水木年华
别在伤口洒盐,张惠妹
别在伤口洒盐,张惠妹
别害怕,罗震环
别想她,高进
别把我的心带走,孙露
别把自己当成腕,李泽坚
别把自己当成腕儿,李泽坚
别用下辈子安慰我,陈瑞
别看我只是一只羊,杨沛宜
别碰我-dj舞曲,劲舞团
别离开我好吗(伴奏),黑龙
别让情两难,"范文芳,张信哲"
别说我的眼泪你无所谓,郑源
别说我的眼泪你无所谓,东来东往
前度,朱雅
前门情思大碗茶,杭天琪
剑心,小曲儿
剑起苍澜,董贞
剑雨浮生,"吴青峰,萨顶顶"
剪不断理还乱,龙梅子
加州旅馆,老鹰乐队
加速度,瞿颖
动天Heaven-ShakingEvent,火影忍者
劲爆-舞曲16首88分钟连播伤感音乐空间制造,Dj
劲爆舞曲-强烈推荐韩国舞曲dj歌,dj舞曲
劳力士男人,"赵小兵,冷漠"
勇敢的狂奔-与狼共舞片尾曲,老猫
勿忘你,高安
北京东路的日子,群星
北京东路的日子,群星
北京呼唤你(伴奏),黑龙
北京爱情,小柯
北国之春-浪漫萨克斯,萨克斯
北戴河之歌,GALA
北方的天空下,刀郎
北方的狼,齐秦
十七岁的新娘,龙梅子
十三电音,网络歌手
十不该,"迟志强,张秀艳"
十二道锋味,谢霆锋
十元人民币,小驴-TOMMY
十送红军,龚h
十送红军,杨钰莹
十送红军,宋祖英
十送红军,黑鸭子
千与千寻,久石让
千年缘,心然
千本樱,初音未来
千百年后谁又记得谁,韩磊
午夜唱情歌,姜玉阳
华山论剑,射雕英雄传
华胥引,河图
卓玛的歌(原创),降央卓玛
单身歌,庞龙
单身歌,龙梅子
卖报歌,小蓓蕾组合
卖报歌,儿童歌曲
南山忆,许嵩
南无大悲观世音菩萨,刘小茜
南无本师释迦牟尼佛,古筝佛赞
南无观世音菩萨,许巍
南无观世音菩萨圣号,佚名
南无阿弥陀佛,古筝佛赞
南无阿弥陀佛,李娜
南无阿弥陀佛,原声带
南无阿弥陀佛圣号,耀一法师
南飞雁,侃侃
南飞雁,李玉刚
卡农-摇滚版,Jerryc
卡农钢琴曲（VariationsontheCanon）,我的野蛮女友
卡农（Canon）,Inishkea
卡比巴拉的海,宋冬野
卡萨布兰卡,英文经典老歌
卡门幻想曲,张乐
卧龙吟,刘欢
即使知道要见面,Sara
历史的天空,毛阿敏
原来你从来没有爱过我,唐古
原来我和你,龙梅子
原来爱情这么伤,梁咏琪
原谅我一次,欢子
原谅我不懂爱,G.E.M.邓紫棋
原野牧歌,小蓓蕾组合
原香草,乌兰图雅
厨师之歌,李志洲
又唱浏阳河,宋祖英
又见老情人,"高安,马睿"
友谊之光,玛俐亚
友谊之光,周润发
友谊地久天长,小蓓蕾组合
友谊地久天长,黑鸭子
双人床,艾歌
反璞归真,屠颖
发疯,李贞贤
变心的翅膀,陈明真
口弦(电视剧《听见凉山》插曲),赵艺涵
口弦弦,王二妮
口袋的温度,田馥甄
古x夕照,古筝佛赞
古剑吟,古剑奇谭
古琴禅修,巫娜
只想做你的男人,欢子
只想凝视着你卡通片尾曲,灌篮高手
只是你(?????),朴始焕
只是太爱你(国),张敬轩
只有两个人的小说,带泪的鱼
只有你(????),金泰宇
只欠秋天,马天宇
只要你的爱,谢华
只要你的爱,"谢华,卢惠美"
只要你的爱,"谢华,卢惠美"
只要你过得比我好,钟镇涛
只要你过得比我好,蘑菇兄弟
叫一声哥哥你快回来,王二妮
叫你一声MyLove,小虎队
可不可以放弃,程响
可惜不是双鱼座(新曲),石进
可爱的一朵玫瑰花,云飞
可爱的一朵玫瑰花,塔斯肯
可爱颂,Hari
史卡保罗市集ScarboroughFair,SarahBrightman
叹情歌,高安
吃喝嫖赌抽,阿权
各自远扬（声动亚洲）,霍尊
各自远r,中孝介
吉他曲,轻音乐
吉祥,云飞
吉祥,春雷
吉祥三宝,黑鸭子
吉祥年,凤凰传奇
吉祥的酥油灯,降央卓玛
吉祥谣,容中尔甲
同一首歌(2013版),毛阿敏
同桌的你(风行版),老狼
同类,孙燕姿
名媛,爱戴
后(?),J-Min
后(?),J-Min
向幸福出发,带泪的鱼
向往神鹰,亚东
向往神鹰,容中尔甲
君をのせて,宫崎骏
听着情歌流眼泪,高进
听袁惟仁弹吉他,周杰伦
听袁惟仁弹吉他,S.H.E
听！是谁在唱歌？,"刘若英,黄韵玲"
吹喇叭-完整版儿童不宜,DJ
吹眼睛,庞龙
吻别英文,佚名
吻和泪,周子寒
呜咽(??),郑秀晶
命运不是辘轳,经典老歌
和兰花在一起,雅尼
和天亮说晚安,谢华
咕叽咕叽,孙燕姿
咖啡屋,千百惠
咚吧啦,萨顶顶
咪咪小花猫,小蓓蕾组合
咬住下唇(??????),Esna
咬住下唇??????,Esna
咱们从小讲礼貌,小蓓蕾组合
咱爸咱妈,"龙梅子,老猫"
咸鱼,五月天
咿呦,子曰
品乡愁,高安
哆来咪,音乐之声
哇咔哇咔-非洲时刻m39s,世界杯主题曲
哇啦哇啦v,歌浴森
哈依勒,谢华
哥只是个传说（哥只是一个传说）,陈旭
哥哥你真帅,龙梅子
哥哥妹妹要安慰,"何龙雨,孙语"
哭诸葛,刘欢
唐伯虎点秋香,过江龙
唐宋元明清,后弦
唯爱,"薛凯琪,周子扬"
唱支山歌给党听,张冬玲
唱着情歌流着泪DJ版,祁隆
唱脸谱,杭天琪
啦啦啦德玛西亚,音频怪物
喀什噶尔胡杨,刀郎
喀秋莎,黑鸭子
喂！喂！,周笔畅
喊麦,"DJ,小枫,洪磊,MC"
喜欢,Beyond
喝着烈酒唱情歌,龙梅子
嗨曲-djdj-kk劲爆舞曲现场狂嗨曲动感,DJ
嗨！MrsLeta,凤凰传奇
嘟啊嘟啊,DJ
嘟噜沙玛,DJ小可
嘟比嘟,DJ小可
囚鸟(声动亚洲),简红
四叶草,李易峰
回不去的甜,小贱
回到起点,董贞
回家(萨克斯风),发烧试音碟
回家-萨克斯,轻音乐
回家见爹娘,皆大欢喜
回心转意-2009-dj2009dj版,黑龙
回心转意-2009-dj版作曲隆隆作,黑龙
回心转意-dj加快小于mdj.sy.2角,黑龙
回心转意-dj阿圣remix,黑龙
回心转意-伴奏,黑龙
回心转意2009,黑龙
回忆唱给你听,小5
回忆的画面,程响
回想(WhenIWas…WhenUWere…),"CHEN,郑秀晶"
回梦游仙,心然
因为你爱上他,蒋雪儿
因为你爱上他,蒋雪儿
因为是女子,Kiss组合
"因为爱,所以爱",谢霆锋
因为爱你戒了烟,祁隆
因为爱情（法语版）,弗雷德乐队
团结就是力量,霍勇
国家,"成龙,刘媛媛"
国旗国旗多美丽,幼儿歌曲
圣诞旅行,带泪的鱼
圣诞结(国语),陈奕迅
在一起(合唱版),"钟欣潼,胡彦斌"
在你之前我早已有了她,冷漠
在你离开那一天,"汪东城,曾沛慈"
在梦中,彭丽丽
在雨中,汪峰
在雨中,"刘家昌,尤雅"
地球仪,动漫原声
地藏经,佛教音乐
地铁五号线,歌浴森
坏人恋人,简红
坐在巷口的那对男女,自然卷
坚强的石头,石头
堕落天使,郑智化
塞北的雪,彭丽媛
填密爱,庄心妍
夏夕空,中孝介
夏天的味道,许飞
夏日华尔兹(Summerwaltz),Bandari
外婆的彭湖湾,张明敏
多么爱你,零点乐队
多啦a梦,小蓓蕾组合
多情伤离别,"高安,司徒兰芳"
多想把你抱住,高进
多爱我一点,温岚
多谢了,谢华
夜の潮,高维那
夜的钢琴曲(五),石进
夜的钢琴曲(五),纯音乐
夜空中最亮的星,逃跑计划
夜空中最亮的星,escapeplan逃跑计划
夜空中最亮的星,逃跑计划乐队
夜空中最亮的星,毛川
夜空中最亮的星,张恒远
够不着的吻,贺世哲
够钟,周柏豪
大吉大利中国年,王麟
大哥你好吗？,甘萍
大国民,郑智化
大圈圈,安瑞兮
大头儿子小头爸爸主题曲,佚名
大头皮鞋,韩晓
大好河山,玖月奇迹
大姑娘美大姑娘浪,刘晓
大悲咒-古筝笛子协奏曲,佛教音乐
大悲咒-梵音原唱慈悲版mp3.1,佛教音乐
大悲咒-梵音可重复播放,佛经
大悲咒-龚h为你祈福,佛教音乐
大悲咒南无大慈大悲观世音菩萨,佛歌
大悲咒童声版,佛教音乐
大敦煌,刀郎
大明劫,小野丽莎
大海啊故乡,谭晶
大花轿,火风
大象拨河,小蓓蕾组合
大辫子,王二妮
大长今韩文版主题曲,原声大碟
大雨还在下,网络歌手
大雨还在下,龙梅子
大风大浪大步走,李泽坚
大风大浪大步走,李泽坚
大骂小日本,"洪磊,MC"
大高原,乌兰托娅
天上星星下凡来,胎教音乐
天上有没有北大荒,韩磊
天下最美,格格
天下最美的草原,呼斯楞
天不下雨天不刮风天上有太阳,"于文华,尹相杰"
天之痕,钢琴曲
天仙配(树上的鸟儿成双对),严凤英
天佑女人们你们听好续集,MC
天佑携手夜小岩女人们你们听好续集,MC
天使之泪,张翰
天使宝贝,胎教音乐
天冷就回来,龙梅子
天地孤影任我行,陈勋奇
天天都想见到你,龙军
天池,李玉刚
天注定,庄心妍
天生一对（DJ版）,天孪兄弟
天空之城-钢琴久石让李家祥,钢琴曲
天空之城（钢琴版）,郭燕
天空角落,张楚
天竺少女,西游记
天籁之音-班得瑞钢琴好听的纯音乐,轻音乐
天[之爱,萨顶顶
天越蓝我就越想你,乌兰图雅
天路(TraditionalVersion),韩红
天边的骆驼,蒋大为
天边的骆驼,呼斯楞
天马座的幻想-fver,圣斗士星矢
天龙八部,"信乐团,赖水清"
太,"楚博仁,王麟"
太多Ii,陈冠蒲
太爱你,刘忻
太阳最红毛主席最亲,李姗殷善音
夫妻那些事,大庆小芳
失去你的黄昏,黑龙
失忆蝴蝶,陈奕迅
失恋情歌,安东阳
失语者,简红
"奇怪,我不懂得爱","本兮,小伟"
奇迹再现,毛华锋
奈何桥边,谢华
奥林匹克鼓号曲,群星
女人不是妖-司徒兰芳dj酷b2013新rmxclub,dj小苏
女人不需要性感不是骚,"DJ,网络歌手,MC"
女人们你们听好,MC天佑
女人天下,刘庭羽
女人是老虎,李娜
女人的美,龙梅子
女儿情,李玉刚
女儿情,龚h
女儿情,童丽
女儿情,西游记
女儿情,吴静
女友结婚了新郎不是我-m24s,印度歌曲
女大要出嫁,龙梅子
女孩担水,王二妮
女汉子,周艳泓
女驸马,李玲玉
女驸马,经典老歌
女驸马,韩再芬
女驸马-谁料皇榜中状元韩再芬mtv,黄梅戏
好兄弟(伴奏),黑龙
好想再爱你,颜亚涛
好想大声叫喜欢你,灌篮高手
好想好想,古巨基
好想好想,赵薇
好春光,吴彤
好爸爸，坏爸爸,小蓓蕾组合
好甜好甜的梦,胎教音乐
好男人都死哪儿去了,崔子格
好男儿,汤潮
好运来,卓依婷
如果云知道(声动亚洲),简红
如果伤害了我你会好过,谢华
如果伤害了我你会好过,谢华
如果你不再爱了,罗中旭
如果再回到从前,张学友
如果可以不爱你,艾歌
如果我是Dj你还会爱我吗,王绎龙
如果爱上你是一个错,丁亮
如果真的不再爱我,祝兰兰
如果缘只到遇见,吴奇隆
如烟+如果还有明天,五月天
妈咪的怀抱里,胎教音乐
妈妈我想你,汤潮
妈妈留给我一首歌,郑绪岚
妈妈的吻,杨钰莹
妈妈的吻,卓依婷
妈妈的吻,程琳
妈妈的吻,小蓓蕾组合
妈妈的吻,朱晓琳
妖精尾巴的战斗插曲,妖精的尾巴
妙手空空,"成龙,周华健,张震岳"
妹妹你大胆的往前走,"戴荃,蘑菇兄弟"
妹妹的酒,"李泽坚,司徒兰芳"
妹妹的酒,"李泽坚,司徒兰芳"
妹妹的酒dj版,"李泽坚,司徒兰芳"
妻子,谭晶
姐是老中医专治吹牛逼,佚名
姑娘像花一样,安东阳
姑娘想嫁人,袁哲
姑娘我爱你DJ版,索朗扎西
姑娘我铁了心跟着你啦,"龙梅子,老猫"
姑娘爱情郎,慕容晓晓
娃哈哈,小蓓蕾组合
娉婷扬袖舞风轻,王俊雄
婉君,李翊君
嫁给人民币,李贵府
嫁衣,苏仨
嫂子颂,李娜
孟婆的碗,魏佳艺
孤单背影,陈慧娴
孤单背影,陈慧娴
孤独不苦,张卫健
孤独啊,CNBLUE
学不会放手,黑龙
学习雷锋好榜样,小臭臭
学习雷锋好榜样,小蓓蕾组合
孽子,周旖
宇宙之大,许嵩
守候在凌晨两点的伤心秀吧,刀郎
守护,樊凡
安妮的仙境,Bandari
安娜,冷漠
宋家皇朝,喜多郎
完成不了的爱,龙梅子
完美人生,程响
完美的再见(Goodbyemylove)(Inst),SuperJunior-M
官封弼马温,童声合唱
宝宝的音符,雷蒙拉普
宝宝睡着了,幼儿歌曲
宝贝(InADay),张悬
宝贝宝贝我爱你DJ版,陈兴瑜
宝马车里哭泣的女人（DJ版）,张祥洪
家乡的姑娘,索朗扎西
家乡美,汤灿
家和万事兴,"张也,郁钧剑"
容易受伤的女人(国语),王菲
容颜,陈楚生
容颜,任军太
寂寞列车,汪峰
寂寞星球的玫瑰TheRose,G.E.M.邓紫棋
寂寞是你给的苦,冷漠
寂寞红,袁姗姗
寂寞花火,顾莉雅
寂静之声,姚斯婷
寂静的天空,代青塔娜
寒江雪,"郑源,储兰兰"
寒衣调,河图
"对不起,我爱你",1983组合
对不起谢谢,陈奕迅
对不起，我还爱你,回音哥
对她好一些,艾歌
对待坏女孩,孙子涵
对歌,林海
寻找天堂,艾歌
射中丘比特,黑龙
小丑的梦想,带泪的鱼
小两口,"安又琪,吴樾"
小人,"赵小兵,冷漠"
小人,"赵小兵,冷漠"
小人,"赵小兵,冷漠"
小兔子乖乖-把门开开,儿童歌曲
小可乐,正月十五
小号进行曲,群星
小夜曲-世界名曲古典钢琴,古典音乐
小妹儿,高旭
小妹甜甜甜,杨钰莹
小姐万岁,蒋承龙
小娃娃,樊凡
小宝贝乖乖睡觉,小蓓蕾组合
小小时代,群星
小小水仙花,小蓓蕾组合
小小艺术家,巴赫
小幸福,徐菲琳
小恋曲（DJ版）,徐良
小提琴,卡农
小提琴协奏曲,胎教音乐
小提琴独奏,加勒比海盗
小星星(???),乐童音乐家
小李飞刀,许冠杰
小李飞刀,罗文
小松鼠过河,儿歌
小步夜曲,肖邦
小河淌水FlowingCreek,纯音乐
小燕子-儿歌大全,儿童歌曲
小牧童,儿歌
小白兔,儿童歌曲
小白兔请客,小蓓蕾组合
小老鼠,小蓓蕾组合
小螺号,小蓓蕾组合
小螺号,群星
小跳蛙,青蛙乐队
小鸡哔哔,洛天依
小龙人,小龙人
小龙人(影视歌曲),儿童歌曲
少先队队歌,儿童歌曲
少年呀,G-Dragon
少年呀(????),G-Dragon
就算世界无童话,卫兰
就让一切走远(伴奏),黑龙
山丹丹花开红艳艳,阿宝
山地情歌,高胜美
山水间,玖月奇迹
山里红,祁隆
岛歌,陈悦
差半步,陈展鹏
已是两条路上的人,赵雷
巴啦啦小魔仙-片尾曲星座密码之奇迹舞步,大小ann
布兰诗歌,群星
布列瑟农,MatthewLien
帅哥去哪儿,陈梓沫
希望你懂我,"郑源,郑东"
希然宁泊―自省?心经,萨顶顶
帝王之恋,李贵府
带泪的鱼,带泪的鱼
帮助蝌蚪找妈妈（选自A大调小提琴第五协奏曲）,莫扎特
常回家看看,龚h
平安最好,李泽坚
平沙落雁,管平湖
平沙落雁,"林克仁,古琴,洞箫,刘正春"
平淡日子里的刺,宋冬野
年轻无极限,孙燕姿
年轻时代,郑智化
幸福万年长,汤灿
幸福女人,陈瑞
幸福家乡,安与骑兵
幸福拍手歌,小蓓蕾组合
幸福时光,石进
幸福的星星,带泪的鱼
幻想家,庄心妍
幻音宝盒,秦时明月
幽灵公主,轻音乐
幽狐,董贞
广场舞曲,乌兰图雅
广陵散,中央民族乐团
康电情歌(激情版)（Remix版）,王绎龙
康美之恋,谭晶
康美之恋,谭晶
庸人自扰(清晰版),小虎队
廉价的爱情,黑龙
延安颂,李双江
开场曲-cut-qq空间非主流歌曲,劲舞团
开心的笑,胎教音乐
开门红,"火风,汤灿"
弄你迪士高-弄你,DJ舞曲
弟子规,儿童歌曲
张赫宣的DJ节目――经典男人歌,张赫宣
弥烟,谢华
归(兄弟),龙井说唱
当你离开我,M4M
当兵的历史,谭晶
当我唱起这首歌,"小贱,星弟"
当我开始偷偷的想你,张惠妹
当我想你的时候(live版),汪峰
当时的月亮,"侯磊,丁克森"
当爱情经过的时候,周艳泓
当爱离别时,龙梅子
当爱离别时成品,龙梅子
彩云之南,央金
彩虹(???)(Rainbow),f(x)
彩虹的约定,儿歌
彩虹的约定,小臭臭
往生咒,印能法师
征服(声动亚洲),简红
得到你的人却得不到你的心,欢子
得民心者得天下,刘欢
御剑江湖,董贞
御龙三国志,林俊杰
御龙吟,姚贝娜
御龙镜中潜,汪苏泷
御龙镜中隐,汪苏泷
微信爱,"陈玉建,陈美惠"
心中的女神,云飞
心云,林志颖
心在云上飞,乌兰托娅
心在跳情在烧,谢军
心太软续集DJ版,赵小兵
心湖雨又风,高胜美
心灵睡过的地方,韩磊
心照一生,RubberBand
心痛要到什么时候,龙梅子
心相印手牵手,杨钰莹
心禁锢,带泪的鱼
心禁锢,带泪的鱼
心经-梵唱佛音梵歌经咒念诵念颂,佛教音乐
心经梵唱,佛歌
心脏被挖空的痛,带泪的鱼
心花开在草原上,吉娜
心要痛到什么时候,龙梅子
忆红莲,洛天依
忘不了曾经的你,"高安,郭玲"
忘不了的温柔,安东阳
忘了你忘了我,王杰
忘尘,黄龄
忘川河,风萧萧
忘记你太难,阿里郎
忘记你太难（流行版）,阿里郎
忘记你的伤悲,李泽坚
忘记你需要多久,阿译
忘记尘缘忘记你,雷诺儿
忘记要忘记,李易峰
忧伤漫步,黑龙
忧伤还是快乐,K.Williams
忧伤还是快乐,纯音乐
快乐宝贝,青春美少女
快乐至上,林志颖
快到我碗里来,王麟
念奴娇,伊能静
怎么做都是我的错,带泪的鱼
怎么做都是我的错,带泪的鱼
怎么办我爱你,本兮
思念你却牵不到你的手,黑龙
思思念念全是你,高安
性感不是骚,DJ
怨苍天变了心,方季惟
恋するフォ`チュンクッキ`,AKB48
恍若如梦(新曲),石进
恨透你,王馨
恭喜发财歌-欢乐过新年大拜年唱版,新年歌曲
恭喜喜发财财,"龙梅子,王麟"
恰恰恰-chillycha,拉丁舞曲
恶人,"孙子涵,Xun"
恶作剧,林依晨
患难见真情,阿清
悲,带泪的鱼
悲しみはオ`ロラに,Aimer
悲伤的天使,钢琴曲
悲伤的李白,徐良
悲伤的眼泪逆流成河,孙露
悲怆第三章,"贝多芬,钢琴曲"
情与法,"高胜美,左宏元"
情为何物,"安东阳,樊桐舟"
情人博客,谢华
情人夜,黑龙
情人街,祁隆
情侣装,许嵩
情坎,冷漠
情归草原,云飞
情歌对唱,DJ
情歌王,古巨基
情海无兵刀,龙梅子
情深深雨蒙蒙,赵薇
情深谊长,韩红
情系大草原DJ版,何龙雨
情路弯弯,龙梅子
情醉,董贞
情难忘意难忘,甲子慧
惜别的海岸,龙飘飘
想亲亲想在心眼眼上,阿宝
想你想到心里头,杨浩龙
想你零点零一分,张靓颖
想哭了,李泽坚
想唱就唱,张含韵
想把我唱给你听（清晰版）,"老狼,王婧"
想起老妈妈,于文华
愁啊愁,迟志强
愈演愈烈,梦洛伊
意外,薛之谦
意大利舞曲let'sgojumparound,anry
愚公移山,江涛
愚爱,欢子
感谢妈妈,"高安,乌兰托娅"
感谢相识,"可歆,常定晨"
愿得一人心-雨宗林,李行亮
慈母颂,降央卓玛
慈爱,龙梅子
慢慢来比较快,梁静茹
慢摇低音炮,DJ
慢摇舞曲,慢摇
慢摇舞曲,"DJ舞曲,欧美经典"
我一直在路上,谢华
我一直走,郭富城
我上幼儿园,儿童歌曲
我不会一个人,"王铮亮,刘涛"
我不想说再见,白雪
我不是在笑,LeeSsang
我不是高富帅,高山林
我不配做你男朋友,张提
我为你歌唱WhenIt’sLonely,曲婉婷
我今天为你祝福,基督教歌曲
我从草原来全新缩混版,凤凰传奇
我从雪山来,雪山朗玛
我们不是相爱吗,T-ara
我们可以分手了,李贵府
我们好像在哪见过,"杨宗纬,叶蓓"
我们好像在哪见过(剧场版),"杨宗纬,叶蓓"
我们总是在寻找,花粥
我们是兄弟,朱明
我们是共产主义接班人,小蓓蕾组合
我们爱过就好,"龙梅子,薛之谦"
我们的天空,黄艺明
我们的歌谣萨尔萨舞曲版,凤凰传奇
我们的爱结束了-90后非主流,带泪的鱼
我们的爱结束了定样版,带泪的鱼
我们的纪念日,范玮琪
我们的路,筷子兄弟
我们结婚吧,金志文
我们这里还有鱼,"谢霆锋,黄大炜,游鸿明,黄中原"
我们都要安,简红
我会想起你,丽江小倩
我再也不相信爱情了,崔子格
我到外地去看你,好妹妹乐队
我只在乎你（声动亚洲）,霍尊
我叫mt,群星
我叫纠结伦,苏三
我听过你的歌,"王焱,何影"
我和小伙伴都惊呆了,赵小兵
我和我的祖国,平安
我和我的祖国,李双松
我唱故我在,吉克隽逸
我在念着你我的爱人,央金兰泽
我在草原等你来,乌兰托娅
我在贵州等你,张超（贵州）
我就是你最爱的人,黑龙
我就是最爱你的人,黑龙
我就要和你在一起,"赵英俊,夏筠妍"
我心似海洋,江美琪
我心永恒,毛宁
我心永恒,群星
我心永恒,童丽
我悄悄地蒙上你的眼睛,"毛宁,杨钰莹"
我悄悄地蒙上你的眼睛,"高明骏,陈艾湄"
我想听你说爱我,龙梅子
我想我不够好,回音哥
我想我是海,黄磊
我想找个女朋友,姜玉阳
我想要你给我一个家,带泪的鱼
我愿意(霍尊PK祈汉)（声动亚洲）,"霍尊,祈汉"
我是一个粉刷匠,小蓓蕾组合
我是一个被爱伤过的人,林峰
我是一只大苹果,小蓓蕾组合
我是一条小河,郭欢
我是一条小青龙,小蓓蕾组合
我是一棵小小草,小蓓蕾组合
我是一粒米,小蓓蕾组合
我是不是该安静地走开,李玲玉
我是不是该安静的走开,黎明
我是真心爱你的人-2011伴奏,任军太
我是真心爱你的人-吉特巴z4-6.54升,任军太
我是真心爱你的人-收藏如此珍爱,任军太
我是真心爱你的人DJ,任军太
我是真的爱他,带泪的鱼
我是真的爱他,带泪的鱼
我是真的爱他,带泪的鱼
我曾爱过的女孩,李易峰
我有一只小毛驴,少儿歌曲
我欲成仙,刘欢
我比从前更寂寞,杨坤
我爱你(?????),尹美莱
"我爱你,再见",朴树
"我爱你,塞北的雪",殷秀梅
我爱你不是因为你爱我,冷漠
我爱你你却爱着他,黑龙
我爱你塞北的雪,玖月奇迹
我爱你塞北的雪,曹芙嘉
我爱你塞北的雪,降央卓玛
我爱你塞北的雪,殷秀梅
我爱我中华,龙梅子
我爱我的幼儿园,儿歌
我爱木兰,带泪的鱼
我爱桃花我爱家,蒋大为
我爱的你却给她披上了嫁衣,艾歌
我爱的女人,黑龙
我爱的姑娘,李贵府
我爱的姑娘DJ舞曲,李贵府
我爱的男人变了心,陈娇
我爱鲁西西,小蓓蕾组合
我用胡琴和你说话,董文华
我用自己的方式爱你,陈明真
我的右边你的左肩,贺世哲
我的声音,丁丁
我的大学生活,郭德纲
我的好兄弟,"高进,张羽"
我的好妈妈[童声独唱],儿童歌曲
我的心一路向北（DJ版）,张祥洪
我的心是暖暖的,樊凡
我的快乐就是想你,陈雅森
我的快乐就是想你,红蔷薇
我的爱不能给的这样草率,龙梅子
我的爱人不要走,龙梅子
我的爱只给你一个,艾歌
我的爱情不见了,龙梅子
我的眼睛在下雨,刘秋仪
我的眼里只有你,景岗山
我的老班长,小曾
我的蒙古马,乌兰图雅
我的路线,黑龙
我的颜色,带泪的鱼
我真的害怕了寂寞,龙梅子
我着十号,李克勤
我知道你对我好,"乌兰托娅,雅锋"
我被青春撞了一下腰,张真
我要去西藏,乌兰图雅
我要去西藏,乌兰图雅
我要去远方,黑龙
我要的感觉,黑龙
我要闹绯闻,郭德纲
我该怎么做,欢子
我说亲爱的,"龙梅子,杨海彪"
我说今晚月光那么美，你说是的,好妹妹乐队
我还有点小糊涂,刘晨
我这个你不爱的人,迪克牛仔
我这个你不爱的人,迪克牛仔
我这样的男人,郑智化
我这样的男人,赵小兵
战友还记得吗,小曾
战歌,"dj舞曲,DJ"
手心里的温柔,云朵
打住打住,杨梓
打工十二月,迟志强
打工行,龙军
打樱桃,王二妮
打靶归来,阎维文
扔猫-郭德纲于谦相声,"郭德纲,于谦"
执迷不悔(国语版),王菲
扯罩罩,喵喵
把我的悲伤留给自己-江湖电影原声大碟,林苑
把爱交给时间DJ版,何龙雨
把爱深藏,侃侃
把耳朵叫醒,金海心
把耳朵叫醒,金海心
抗战二十年,Beyond
抹去泪水,韩宝仪
拉德斯基进行曲,斯特劳斯
拉手手亲口口,云飞
拉拉爱(英文版),DJ小可
拉黑隐身,带泪的鱼
拍手歌,儿童歌曲
拥抱你的滋味,dj舞曲
拥抱的理由,尹熙水
拥抱的理由(电视剧《因为爱情有多美》主题曲),李泰
拥抱着你的滋味,FreeParty
拨浪鼓,赵薇
拿出你的情，抓住你的爱,皆大欢喜
拿得起放不下,高进
指间沙,凤凰传奇
挥不去的情愁,"冷漠,陈瑞"
挥着翅膀的女孩,容祖儿
振华英雄,黑龙
换掉,李贞贤
掩饰寂寞,阿悄
摇一摇,黑龙
摇啊摇摇到外婆桥,小蓓蕾组合
摇太阳,方芳
摇摆.Remix1,蔡妍
摇摇宇宙,简红
摇摇宇宙,简红
摩天轮(舞曲版),"罗百吉,宝贝"
摩的大飚客,庞麦郎
擦干你的泪水,刘冲
擦皮鞋,洋洋
放下所有放不下你,祁隆
放你在心里,许美静
放手DJ版,"何龙雨,傅潇莹"
放手了吗,"带泪的鱼,蝎子"
放歌大草原,乌兰托娅
故乡情,降央卓玛
故乡情,程琳
故乡香,钟汉良
故人叹,吴琼
故宫的记忆,神思者
敖包相会(feat.云飞)(电影《草原上的人们》插曲),乌兰图雅
敖包相恋,大庆小芳
敖包相恋,龙梅子
敬你一碗青稞酒,容中尔甲
数天数,龚h
数码宝贝主题曲,网络歌手
数鸭子,少儿歌曲
数鸭子-儿童歌曲大全婴儿启蒙歌曲,儿童歌曲
文殊菩萨心咒,佛经
"斑马,斑马",宋冬野
"斑马,斑马(Live)",张婧懿
斑马斑马,宋冬野
斗地主,"王麟,安琥"
断羽傲飞,安与骑兵
斯卡布罗集市,莎拉.布莱曼
斯琴高丽的伤心,斯琴高丽
斯琴高丽的伤心,斯琴高丽
新上海滩,叶丽仪
新回心转意,黑龙
新天龙八部,钟汉良
新娘嫁人了新郎不是我,印度音乐
新年到,小蓓蕾组合
新打工谣,陈星
新贵妃醉酒,歌浴森
新鸳鸯蝴蝶梦+千万次的问+流星雨+存在+大笑江湖,"小沈阳,田斯斯,胡维纳,肖洒,肖懿航,王琪玮,唐一嘉,丁泽强,陈俊豪"
无名指的等待,谭欣懿
无名花,简红
无奈的思绪,韩宝仪
无奈的结局-闫旭正式版,龙梅子
无奈的结局-闫旭正式版极速,龙梅子
无家可归的人,汪峰
无惧此夜,吉克隽逸
无言的结局,李茂山
无言的结局,卓依婷
无言的结局,"李茂山,林淑容"
无语,本兮
无间道(广东版),"刘德华,梁朝伟"
无限速,"本兮,阿悄"
日光倾城,卡奇社
旧日足迹,Beyond
时间都去哪了-2014元宵春晚大萌子王铮亮合唱,"大萌子,王铮亮"
时间都哪儿去了-主题曲,王铮亮
时间长了受不了,庄心妍
昆明湖,后弦
明天你好,莫茜茜
明天你好-网络歌手伴奏,牛奶咖啡
明明知道相思苦,龙梅子
明明说好不哭,何曼婷
明月千里寄相思(国),徐小凤
易水两岸,秦时明月
星球大战主题曲,群星
星空物语,"张翰,俞灏明,魏晨,朱梓骁"
春天的欲望,谢华
春天的欲望,谢华
春树秋霜,邓佳坤
春秋依然,李泽坚
春芽,汪峰
春野,Bandari
昨日帝王篇,赵晓磊
是我不对,高安
是我在做多情种,胡杨林
是我痛怎么了,带泪的鱼
昴-すばる-,谷村新司
晚霞中的红蜻蜓,杨钰莹
晨雾中的日出,蒋勋
晴空月儿明,西游记
暖城,龙梅子
暖风,周传雄
暗恋过，结局呢,新街口组合
曼莉,乌兰图雅
曾经拥有,Beyond
曾经是我最爱的人,陈瑞
曾经最美,孙露
曾经最美,朱铭捷
曾经相爱那么深,龙梅子
最初的最美,胡杨林
最卑微的下贱,带泪的鱼
最卑微的下贱,带泪的鱼
最右,龙梅子
最右,"龙梅子,老猫"
最右-老猫网络红歌,龙梅子
最后一个情人,陈瑞
最后一个情人,赵真
最后一次为你流泪,"伤感歌曲,最新流行歌曲"
最后的倾诉,韩磊
最后的倾诉,韩磊
最后的问候,BigBang
最好听的钢琴曲,"轻音乐,钢琴曲"
最好的我,龚芝怡
最心疼的人只有你,张振宇
最爱最恨都是你,李翊君
最爱的人伤我最深,张惠妹
最美丽的时候,艾歌
最美丽的花,王绎龙
最美的春天,李健
最美的歌儿唱给妈妈,蒋大为
最美的誓言,龙梅子
最远的你是我最近的爱,车继铃
最远的你是我最近的爱,童安格
月亮之上+自由飞翔雷鬼舞曲版,凤凰传奇
月亮代表谁的心,陶
月亮可以代表我的心,杨坤
月亮啊月亮,李贞贤
月亮船,杨钰莹
月光奏鸣曲,贝多芬
月光曲-世界名曲钢琴曲,贝多芬
月光水岸,Bandari
月光边境,林海
月满西楼-m45639慢四,邓丽君
月牙儿,赵本山
有一个人,"SylChan,JennyHo"
有一个美丽的传说,蒋大为
有一种爱叫做不放弃DJ版,何龙雨
有一种爱叫做放手,阿木
有个傻瓜爱过你,唐古
有些事现在不做一辈子都不会做了,五月天
有什么意义,汪峰
有桃花,许嵩
有没有一种思念永不疲惫,许强
有没有一种思念永不疲惫,群星
有点甜,汪苏泷&by2
有点甜,孙羽幽
有空你就来听听我唱歌,群星
朋友e哭,吕方
朋友的酒-dj阿圣2010-mix,李晓杰
朋友的酒-喊麦中文2011年9月19日,"MC,小月"
望故乡,陈星
未成年,本兮
未给姐姐递出的信,赵雷
朱砂泪,董贞
机器灵砍菜刀,张卫
李伯伯要当红军,张玮玮
李雷和韩梅梅,徐誉滕
村长的新娘,李泽坚
村长的新娘(dj版),李泽坚
村长的新娘(伴奏),李泽坚
杜十娘,李娜
杜十娘,卓依婷
来了一群小鸭子,小蓓蕾组合
来生再做你的人,艾歌
杨柳,范宗沛
杨柳青,阿宝
杯水情歌,庞龙
极品慢摇-dj,Alex
枉凝眉ForThePerfect,纯音乐
枕上书,董贞
枕着你的名字入睡,龚h
枕边故事,华晨宇
枪恋,本兮
柔板Huldreslatter,莫扎特
查拉图斯特拉如是说,群星
校园的早晨,少儿歌曲
格子广场,带泪的鱼
桑巴-桑巴舞曲sb0216永远快乐,印度歌曲
梁山伯与朱丽叶,"卓文萱,曹格"
梁祝「萨克斯演奏」Saxophone,纯音乐
梁祝钢琴曲-离歌,理查德克莱德曼
梁祝（化蝶）,彭丽媛
梅岚梅岚我爱你,王麟
梦中新娘,祁隆
梦中的妈妈,云飞
梦中的婚礼,贵族乐团
梦中的婚礼(MARIAGED'AMOUR),纯音乐
梦中的婚礼-钢琴曲梦中的婚礼,钢琴曲
梦千年之恋,金莎
梦回云南,白玛多吉
梦回唐朝,唐朝乐队
梦回浏阳,玖月奇迹
梦回西藏,容中尔甲
梦太晚,董贞
梦带我旅行,高进
梦想起航,TFBOYS
梦断楼兰,"何龙雨,程欣"
梦的想,歌浴森
梦的海洋,瑜伽音乐
梦的翅膀受了伤(新版),蒋雪儿
梦遗少年,宋冬野
梦醉西楼,陈瑞
梦里水乡,龙梅子
梦里水乡,龚h
梦里的天堂,皆大欢喜
梦高原,乌兰托娅
梧桐灯,许嵩
梵文,"超好听,大悲咒"
梵音大悲咒,白玛多吉
梵音大悲咒,齐豫
棒棒棒,"黎明,MC"
棒棒棒,MC
棒棒棒,佚名
森林狂想曲,吴金黛
森林鸟儿,雷蒙拉普
l山遗韵,古剑奇谭
橘子汽水,南拳妈妈
汛笛,周传雄
欢乐的跳吧,佚名
欢乐颂,小蓓蕾组合
欢乐颂,贝多芬
欢快的轻音乐,轻音乐
欢聚一堂,刘和刚
欢迎进行曲,中国人民解放军军乐团
歌浴森-三天三夜,歌浴森
正义之道,黄渤
正在输入,单小源
正月十五送欢乐,正月十五
此情可待,纯音乐
步步(电视剧《步步惊情》主题曲TVVerison),五月天
死一样的痛过,mc梦
死亡小提琴,带泪的鱼
残忍,带泪的鱼
每当我走过老师窗前,小蓓蕾组合
毕业那天,唐古
民歌大联唱,阿宝
水乡新娘,"石梅,冷漠"
水乡新娘,冷漠
水云间,凤凰传奇
水墨缘,玖月奇迹
水姻缘,田震
水手公园,GALA
水深火热,任军太
永恒的一天,庾澄庆
永远的战士,刀郎
求求你给点力,于玄子
求求你给点力,Mc九局
求求你给点力-加快版开场舞曲dj57,Dj
求苍天一件事,贺世哲
汉宫秋月,于秋旋
江之南葫芦丝,钟心
江南style,pls鸟叔
江南style,"泫雅,PSY"
江山,彭丽媛
江山无限,屠洪刚
江湖・闪蝶,河图
江湖啊，江湖,小沈阳
沂蒙山,谈芳兵
沂蒙颂,童丽
沙漠寂寞,李翊君
沙漠海,张宇
没得选择,樊凡
没有人比你更爱我,陈瑞
没有你的日子我真的好孤单,韩晶
没有情人的情人节,孟庭苇
没有感情的感情,艾歌
没有我你好好过,任军太
没有我你怎么办,何润东
没那么坚强,程响
河南,歌浴森
油菜花开（选自降E大调第九钢琴协奏曲）,莫扎特
泉水叮咚响,"二胡独奏,轻音乐"
泉水叮咚响,刘紫玲
泛滥地,带泪的鱼
泡沫(现场版),G.E.M.邓紫棋
泥人情歌,"韩岚,薛晓枫"
泪满天(DJ阿远Remix),龙梅子
泰坦尼克号主题曲,黑鸭子
洪湖水浪打浪,宋祖英
洪湖水浪打浪,彭丽媛
洪湖水浪打浪,孙滢迎
活出个样来给自己看,赵本山
活出个样来给自己看,衡越
活得潇洒,"谭咏麟,陈慧娴"
活泼之泉,雷蒙拉普
流动的城市,林海
流泪的红烛,"祁隆,阿斯满"
流浪歌,迟志强
流浪歌手的情人,老狼
流行中文,Alex
浅浅的笑,夏后
浪子的心情,闽南语歌曲
浪子的心情,叶启田
浴火凤凰,黑鸭子
海誓山盟亦会分开,本兮
海豚音,杰克逊
海边的星空,理查德・克莱德曼
消灾吉祥神咒,佛教音乐
深夜地下铁,陶钰玉
深夜的咖啡,陈瑞
深山禅林,古筝佛赞
混音热播舞曲feelalright感觉极好,Angel
清晨的紫禁城,李志辉
渡情,"高胜美,左宏元"
渡情,"左宏元,张慧清"
渡情-片尾曲西湖美景,新白娘子传奇
温柔与霸道,群星
温柔与霸道-专业下载专业的设备,杭娇
渴死的鱼,DJ
渴死的鱼,DJ小可
游牧情歌,格格
溜溜的山歌溜溜的唱,皆大欢喜
溜溜的情歌现代拉丁舞曲版,凤凰传奇
滴答滴-北京爱情故事l,侃侃
漂亮的姑娘你别怕,李贵府
漂亮的姑娘你别怕-dj加快2013,李贵府
漂亮的姑娘你别怕-dj加快版,李贵府
漂亮的姑娘你别怕-dj蓝加快版博白,李贵府
漂亮的姑娘你别怕-快四dj混音版,李贵府
漂亮的姑娘你别怕DJ版,李贵府
漂亮的姑娘你别怕DJ舞曲,李贵府
漂移,周杰伦
潇洒爱一回,黑龙
潮湿的心,卓依婷
潮湿的心,甘萍
激战上海滩,罗百吉
火了火了火,王蓉
火影忍者最新主题曲ブルバド青鸟完整版,佚名
火火的姑娘(合唱),东方红艳
火火的姑娘-东方红艳dj何鹏remix,DJ何鹏
火火的姑娘-吉特巴高音质,东方红艳
火火的爱,蓝琪儿
炉心融解,初音未来
点燃一根烟,林玉英
烟花三月下扬州,刘紫玲
烟花易冷-伽蓝雨钢琴版gaius,周杰伦
烧酒话,卓依婷
照顾自己,张含韵
熊出没主题曲(我还有点小糊涂),佚名
熊猫咪咪,小蓓蕾组合
燃烧吧!火鸟,高凌风
燃烧翅膀,樊凡
爱上一个梦,程响
爱上了是谁的错DJ舞曲版,糯米
爱上你我傻乎乎,郭玲
爱上你我很快乐,水木年华
爱上你的美,"张忆亚,常颖"
爱上你等于爱上了错,张振宇
爱上你等于爱上寂寞,那英
爱上鲨鱼的人鱼,朴熙京
爱不到的滋味,黑龙
爱之舞,新七小福
爱了就爱了,陈琳
爱人跟人走,卓依婷
爱人跟人走,陈小云
爱人跟人走-闽南语情歌大对唱台,闽南语歌曲
爱从草原来,乌兰托娅
爱似水仙,金海心
爱你一生一世,谢华
爱你十分泪七分,裘海正
爱你却要说分手,冷漠
爱你就让你快乐-feat,"智馨,桐瑶"
爱你比永远多一天DJ版,许诺
爱你的我今天长这样,吴奇隆
爱你的话还没有说出口,祁隆
爱你真好难,李玲玉
爱你还是恨你,龙梅子
爱信仰,龙梅子
爱出发,TFBOYS
爱到此为止,贺世哲
爱到痛处就分手DJ版,何龙雨
爱啦啦,海楠
爱在天地动摇时,郑家星
爱在天地间,降央卓玛
爱在天地间,祖海
爱在思金拉措,央金兰泽
爱大了受伤了,汤潮
爱好辛苦,"龙梅子,韩松圃"
爱好辛苦,"龙梅子,韩松圃"
爱开到荼蘼,带泪的鱼
爱得忘了,谢华
爱恨情歌,"冷漠,张冬玲"
爱恨情歌对唱,"冷漠,张冬玲"
爱情一阵风,闽南语歌曲
爱情一阵风,"卓依婷,林正桦"
爱情三十六计(声动亚洲),简红
爱情不值得我流泪,纪晓斌
爱情不能当饭吃,李泽坚
爱情伤了你爱情害了我,大庆小芳
爱情伤了你爱情害了我,大庆小芳
爱情剧终,婧
爱情怎么喊停,曾沛慈
爱情惹的祸,姜玉阳
爱情曾来过,刘恺威
爱情没有那么美,张玮伽
爱情的秋天,孙露
爱情红绿灯,徐一鸣
爱情约定,李行亮
爱情终点,王绎龙
爱情美酒,"龙梅子,老猫"
爱情诺曼底,黄征
爱我中国,"龙梅子,格格,高安,祁隆"
爱我你怕了吗(独唱版),姜育恒
爱我你怕了吗　,姜育恒
爱我就别伤害我,刘嘉亮
爱我就放过我DJ阿圣,子枫
爱我的人请你告诉我（DJ版）,张祥洪
爱我（女生版）,袁姗姗
爱拼才会A,叶启田
爱断情伤,带泪的鱼
爱无可救药,艾歌
爱无罪,迪克牛仔
爱是...(ii),TheDaydream
爱是一颗幸福的子弹,汪峰
爱是你我-小沈阳夫妻档歌曲,"小沈阳,沈春阳"
爱本无罪,"汤潮,岳思思"
爱歆,"可歆,群可"
爱殇,董贞
爱流沙,李泽坚
爱的世界只有你,"祁隆,乐凡"
爱的世界只有你DJ,祁隆
爱的世界只有你（对唱版）（feat.乐凡）,祁隆
爱的供养（新版）,杨幂
爱的华尔兹,"俞灏明,郑爽"
爱的太累(djmix),黑龙
爱的好甜,贺世哲
爱的期限,祁隆
爱的童话,"高安,宋娜"
爱的纪念,理查德・克莱德曼
爱的罗曼蒂,带泪的鱼
爱的翅膀受了伤,蒋雪儿
爱的血泪史-dj传奇制作,龙梅子
爱的路上只有我和你,任贤齐
爱的迷雾,陈瑞
爱着你却伤了她,冷漠
爱着你宠着你,祁隆
爱让我们在一起,黑龙
爱逝.枷锁,带泪的鱼
爱逝枷锁,带泪的鱼
爱逝枷锁,带泪的鱼
爱错人,赵小兵
爱陕北,王二妮
爱，燃烧(电视剧《千金归来》片尾曲),王铮亮
父亲是山,任军太
父亲是山,任军太
父亲是山(dj版),任军太
父老乡亲,彭丽媛
爸爸去哪儿,"林志颖,田亮,郭涛,王岳伦,张亮,Kimi,田雨橙,王诗龄,郭子睿,张悦轩"
爸爸去哪儿(英文版),电视原声
爸爸妈妈听我说,小葡萄
爸爸妈妈听我说-铃金苗有声图书馆,儿童歌曲
牛奶歌,七公主
牡丹之歌,蒋大为
牧人,德德玛
牧人,降央卓玛
牧羊曲-电影少林寺插曲,李玲玉
牧马少年,乌兰托娅
牵不到你的手,高凌风
牵挂你的我,林志颖
犯贱（DJ版）,徐良
犹见炊烟,邓丽君
狐狸精,"罗志祥,米娜"
狩猎,胎教音乐
独家记忆(国),陈小春
独自面对,龙梅子
狱中望月,迟志强
猫叫老鼠惨叫声,佚名
猫咪宝贝,DJ小可
献给爱丽丝,理查德・克莱德曼
献给爱丽丝,贝多芬
玉石俱焚,程响
玖月奇迹推荐01,玖月奇迹
玖月情歌,玖月奇迹
玛利亚的心,歌浴森
玛尼情歌,上官红燕
玩腻,M3
玩腻dj版,Dj
玫瑰人生（声动亚洲）,小野丽莎
玫瑰花与傻瓜(r&b版),任军太
玫瑰花的葬礼,许嵩
现在我很幸福,A-Lin
现场-超好听的英文经典,dj舞曲
玻璃杯,曹卉娟
珊瑚颂,韩红
珊瑚颂,董文华
琴师,音频怪物
琴韵禅音,霹雳英雄
甜甜的小妹,陈雅森
生命之杯,RickyMartin
生日歌,英文歌曲
生来孤独,汪峰
生活怎么过,带泪的鱼
用多少眼泪才能让你相信,蒋雪儿
用心爱你你不懂,田一龙
甩葱歌(DJ版),初音未来
电话情思,龚h
男人不怕失败,黑龙
男人不能惯,赵奕欢
男人再晚也别忘了回家,贺一航
男人情女人心,"龙千玉,袁小迪"
男人的好,张宇
男人靠得住猪都能上树dj版,张吉
男儿志(少林足球插曲),刘德华
画心Ⅱ,张靓颖
留不住你的温柔,"李泽坚,司徒兰芳"
留不住你的温柔,李泽坚
留不住你的温柔,"李泽坚,司徒兰芳"
留不住斜阳,韩宝仪
留在我身边（そばにいるね）,青山黛玛
疯狂大麻,DJ舞曲
疯狂舞台,任军太
痴心错对,黑龙
痴情的爱,韩宝仪
白度母心咒,贝玛千贝仁波切
白眼狼,杨梓
白蛇DJ舞曲,李贵府
白衣,河图
白衣飘飘的年代,叶蓓
白骨精写给孙悟空的信,周艳泓
白龙马,林一佳
白龙马,樊竹青
百万个吻,陈明真
百鬼夜行,音频怪物
皇冠一刻钟,DJ舞曲
皇后大道东,"罗大佑,蒋志光"
皇帝的烦恼,"赵小兵,冷漠"
皇帝的烦恼,"赵小兵,冷漠"
皇帝的烦恼,"赵小兵,冷漠"
盗墓笔记・无邪,音频怪物
盛世大中国,黑龙
盛夏光年(Live),陈冰
直到世界的尽头,群星
直到世界的尽头,Wands
直到世界终结,动漫原声
相亲不相爱,李泽坚
相亲不相爱,李泽坚
相亲相爱一家人,"李霄云,陈翔"
相亲相爱的一家人,"励志歌曲,星"
相思引,董贞
相思渡口,祁隆
相爱到放弃,祁隆
相爱容易相思苦,龙梅子
相爱的理由,艾歌
相爱的理由,"艾歌,晨熙"
相见太晚,苏有朋
相见恨晚（清晰版）,彭佳慧
相见时难别亦难,李玲玉
相见难别亦难,吴静
看不清楚的爱,带泪的鱼
看花灯,小蓓蕾组合
真心换伤心,程响
真心换真情,张可儿
真爱一世情,李羿慧
真爱你的云,黄国俊
"真的,用了心",成龙
真的不容易(DJAlex.xMixVersion),庄心妍
真的好想你M,周冰倩
真的好爱你,黑龙
真的用心良苦,郑源
"眼,鼻,嘴(?,?,?)",太阳
眼泪会笑,带泪的鱼
眼泪的名字,谢安琪
眼泪的错觉,王露凝
眼泪的错觉,群星
眼泪知道,温岚
矜持(电影《前任攻略》主题曲),姚贝娜
知心爱人,"任静,傅迪生"
知心爱人,"付笛声,任静"
知道不知道？,刘若英
短发(????),AOA
碎心石,谢军
祁式情歌DJ舞曲,祁隆
祖国你好,张也
祝你生日快乐,小蓓蕾组合
祝福你亲爱的,筷子兄弟
神曲2012,歌浴森
神的传说,谭咏麟
神的传说,毛阿敏
神话情话,"周华健,齐豫"
神话情话(粤),"周华健,齐豫"
神马都是浮云,"山野,吕雯"
祥音,空雨
离人泪,谢华
离人（声动亚洲）,霍尊
离别的眼泪,龙梅子
离别的眼泪,龙梅子
离别的秋天,孙露
离家的孩子,陈星
离开你不是因为我的冷漠,冷漠
离开你并非是我愿意,陈瑞
秋叶如花,陈瑞
秋天的期盼,黑龙
秋日私语,经典钢琴曲
秋殇别恋,格子兮
秋殇别恋,"牙牙乐,格子兮"
秋窗风雨夕,郑绪岚
种一棵小树,小蓓蕾组合
种太阳,小蓓蕾组合
秘密花园的邂逅,林笛
空城-杨坤dj失名remix,Dj失名
空城计-诸葛亮我正在城楼观山景,于魁智
空虚，沸腾,本兮
穿越,皆大欢喜
穿越火线,大笑江湖
"穿越火线主题曲一(CF,cf)",穿越火线
突然的自我,黄小琥
站在高高的山岗上,正月十五
童年的回忆,钢琴曲
童话-钢琴轻音乐伤感音乐,钢琴曲
竹林深处(葫芦丝),纯音乐
笑傲江湖琴箫合奏-mp38电影金曲,笑傲江湖
笑拥江山梦,高胜美
笑泪,带泪的鱼
笛子,新白娘子传奇
第一次听见海,雷蒙拉普
第一次爱的人,王心凌
第三十八年夏至,河图
第二天(???),Juniel
第叁十八交响乐,胎教音乐
等一分钟,DJ小可
等不到的爱,文章(演员)
等不到的爱,文章(演员)
等不到的爱,文章
等你一万年,杨钰莹
等你回航,龙飘飘
等你的季节,"吴奇隆,刘诗诗"
等到来生再相遇,程响
等到来生再相遇dj,程响
等到桃花开,庞龙
等我先说,夏天Alex
策马奔腾桑巴舞曲版,凤凰传奇
策马扬鞭,凤凰传奇
篱笆墙的影子,李娜
篱笆墙的影子,阿宝
米店,"张玮玮,郭龙"
粉刷匠,小蓓蕾组合
粉红噪音煲机专用,佚名
粉红的回忆,李玲玉
紫色烟花,徐一鸣
累啊累,王绎龙
繁星点点,庄心妍
繁花,凤凰传奇
纠结,带泪的鱼
纠结,带泪的鱼
红尘叹,"陈瑞,冷漠"
红尘叹(feat.陈瑞),冷漠
红尘客栈-第二十届中歌榜现场版,周杰伦
红尘情歌,张傲_黑鸭子
红尘情歌,男女对唱
红尘情歌,昕宇
红尘情歌,郑源vs蒋珊蓓
红尘情歌,石雪峰
红尘情歌-对唱版芦丽红,高安
红尘情歌郑源&蒋姗倍-djv-club-mix新版,佚名
红尘情歌高安vs黑鸭子_dj燕儿remix,Dj燕儿
红尘情缘-铃副本,高安
红尘永相伴,"冷漠,司徒兰芳"
红尘笑我，我笑红尘,"郑源,郑东"
红山果-原版4.18,安与骑兵
红星歌,小蓓蕾组合
红梅赞,龚h
红梅赞,卢雪梅
红梅赞,彭丽媛
红楼梦序曲,郑绪岚
红河谷,黑鸭子
红灯记-雄心壮志冲云天,关怀
红玫瑰DJ版,大哲
红红的萨日朗,乌兰图雅
红色石头,李智楠
红莲の弓矢,LinkedHorizon
红豆曲,郑绪岚
红豆红,邓丽君
红豆红,龚h
红颜若雪,少司命
约定(??),金秀贤
纯情-dj韩国新抓钱舞,高耀太
纳西情歌,陈思思
纸心脏(????)(PaperHeart),f(x)
经典舞曲,ck
经常回家看一看,"程响,王羽泽"
结局后才明白,"乔洋,X-girl"
给你们,孙露
给悲伤机会,樊凡
给所有知道我的名字的人,赵传
给自己的情书,王菲
绝世,张克帆
绝世小受,漠然
绝口不提爱你,郑中基
绣红旗,刀郎
绣红旗,彭丽媛
绿度母心咒,印能法师
绿度母心咒,anichoyingdrolma
缘来是你,"龙梅子,黄勇"
网缘,陈玉建
罪过,谢华
美丽世界的孤儿,汪峰
美丽女人,刘嘉亮
美丽女人,DJ舞曲
美丽的神话Ⅰ,"成龙,金喜善"
美了美了,小沈阳
美女天仙,降央卓玛
美妙的西藏,关牧村
美观,孙小宝
羞答答的姑娘我爱你吉特巴,李贵府
羞答答的玫瑰静悄悄的开,孟庭苇
翻身道情,王二妮
老中医,花粥
老公PK老婆,DJ小可
老公你很累,天籁回音
老公你辛苦了,网络歌曲
老友记,"金志文,关"
老地方的雨,雷婷
老地方的雨,陈瑞
老婆的话就是圣旨,任军太
老婆的话就是圣旨,任军太
老婆的话就是圣旨(dj版),任军太
老婆老婆我爱你,火风
老婆饼,汪苏泷
老子明天不上班,佚名
老家,侃侃
老师你好,阴三儿
老有所依(feat.马上又)(电视剧《老有所依》片尾曲TVVerison),那英
老江湖,黑龙
老爹老爹,龙梅子
老男孩-我一定要得到你,筷子兄弟
老街,李荣浩
老鼠爱大米,香香
耶稣掌权,盛晓玫
耶耶耶（中文DJ版精彩）,"杨洋,金彪"
聪明的一休,小蓓蕾组合
肝肠寸未断,青鸟飞鱼
背包,苏有朋
背叛者,带泪的鱼
胜女的时代(TVVerison),江语晨
胡琴情缘,大庆小芳
胡琴说,"汤非,王莉"
自己美,萨顶顶
自挂东南枝,Amuro
自挂东南枝-十万个冷笑话版,周杰伦
自由の翼,LinkedHorizon
至少还有你(国语),张国荣
致命的甜蜜,孙子涵
致爱丽丝,聂钧
舌尖上的爱情,大庆小芳
舍不得忘记你,网络歌曲
舒伯特小夜曲,纯音乐
舞台,艾歌
舞女,龙飘飘
舞女,韩宝仪
艾薇儿-WishYouWereHere,艾薇儿
芒果香,谢军
芭啦芭啦樱之花,郭富城
花与剑,Js
花仙子,小蓓蕾组合
花仙子的花篮,莫扎特
花儿爱上忘情草,王强
花好月圆夜,"杨千桦,任贤齐"
花好月圆夜,"杨千,任贤齐"
花开在眼前,韩磊
花心传说,龙梅子
花心贼,崔子格
花恋蝶,南拳妈妈
花瓣雨,童安格
花神泪,刘诗诗
花葬,同恩
花雨,具惠善
芹菜,林志颖
苍天般的阿拉善,德德玛
苏州河（慕容雪国语版）,薛凯琪
苦咖啡,冷漠
苦果-天地人,程响
苦果-苦果程响苦果下载,程响
苦水变美酒,迟志强
苦苦挽留,六哲
英文字母歌,小蓓蕾组合
英文版-yestedayoncemore,昨日重现
英雄寞,郑中基
英雄的黎明,横山菁儿
英雄联盟,乱感觉
英雄联盟,乱感觉
英雄谁属,卞留念
英雄路,黑龙
英雄路,"黑龙,成奎安"
茉莉花开,李玲玉
茉莉花（声动亚洲）,霍尊
草原一枝花,乌兰图雅
草原上的格桑拉,草原歌曲
草原之恋,乌兰托娅
草原恋,降央卓玛
草原恋人,乌兰托娅
草原情,草原歌曲
草原情哥哥,乌兰图雅
草原情歌(dj版),任军太
草原我的情人,乌兰托娅
草原舞曲,"阿宝,张冬玲"
草原舞曲（DJ版）,"张冬玲,阿宝"
草原请你来,蒙克
草原醉,乌兰图雅
草泥马之歌,未知
荡荡悠悠,周云蓬
荷塘月色街舞舞曲版,凤凰传奇
莉莉安,宋冬野
莫扎特：土耳其进行曲：A大调钢琴奏鸣曲第三乐章(PianoSonataNo.11inAmajorK331:IIIAllaTurca),KarlEngel
莫斯科郊外的晚上,杨洪基
莫斯科郊外的晚上,李玉刚
莫斯科郊外的晚上,黑鸭子
莫斯科郊外的晚上-浪漫萨克斯,萨克斯
莫西干战役爱情传说,带泪的鱼
莲师心咒,仁钦林巴仁波切
莲的心事,刘紫玲
菊花留给你,歌浴森
萤火虫的梦,艾歌
落墨,李玉刚
落桃花,任军太
葫芦丝-新白娘子传奇插曲,佚名
葫芦娃,儿童歌曲
葫芦娃-主题曲,儿童歌曲
葬心,黄莺莺
葬花吟,陈力
葬花吟,龚h
葬花吟,郑绪岚
蒲公英的翅膀,乌兰托娅
蓝精灵之歌,儿童歌曲
"蓝色多瑙河(AnderschonenblauenDonau,Walzer,Op.314(TheBlueDanube))","卡拉扬,维也纳爱乐乐团"
蓝色多瑙河-钢琴名曲,轻音乐
蓝色理想,老狼
薇多莉亚的秘密,张惠妹
藏传大悲咒,马常胜
藏传大悲咒,琼英卓玛
虚虚实实,张卫健
蛋疼,谢华
蛋疼-mixteamdjecmix-2013,谢华
蜗牛〖演唱会〗,周杰伦
蜗牛的家(选自D大调哈夫纳小夜曲),莫扎特
蜡笔小新,电视原声
蜻蜓,小蓓蕾组合
蝴蝶花,小蓓蕾组合
行星组曲,群星
街舞少年,TF家族
街道的寂寞,石进
被伤过的男人,李贵府
被情伤过的女人,黑龙
被情伤过的女人,祁隆
裂缝中的阳光,林俊杰
西双版纳,黑龙
西海情歌-西藏歌曲慢摇,降央卓玛
西瓜太郎,DJ小可
西部放歌,王宏伟
西门庆的眼泪,杨青
要嫁就嫁灰太狼（Dj版）,周艳泓
要我怎么忘了他,谢霆锋
观世音菩萨,陈星
观世音菩萨发愿偈.大悲咒,齐豫
观音手,斯琴高丽
观音灵感真言,印能法师
观音菩萨偈,齐豫
讨债难,李泽坚
讨债难,李泽坚
讨债难dj版,李泽坚
让世界充满爱,群星
让世界充满爱,群星
让她降落,田园
让我一次爱个够+征服+哭不出来+存在,"那英,庾澄庆,汪峰,张惠妹"
让我一次爱个够征服哭不出来存在,"那英,庾澄庆,汪峰,张惠妹"
让我为你唱首歌,"俞灏明,魏晨,朱梓骁,张翰"
让我们回家吧,阿鲁阿卓
让我们荡起双桨,黑鸭子
让我们荡起双桨,童声
让我们荡起双桨,青春美少女
让我们荡起双桨,小蓓蕾组合
让我心碎,赵小兵
让泪化作相思雨,庞龙
让泪化作相思雨,南合文斗
让过去成为过去,郑源
记得我曾爱过你,带泪的鱼
记得我曾爱过你,带泪的鱼
讲文明懂礼貌,儿歌
许多年以后,赵鑫
词不达意,林忆莲
该死的温柔,"马天宇,斯琴高丽"
该装就装,郝云
说一句我不走了,小5
说再见不应该在秋天,"栗雅馨,王子月"
说句心理话,阎维文
说唱脸谱,谢津
说唱脸谱,凤凰传奇
说说爱情,陈玉建
说谎的眼泪(dj版),任军太
请你放了我,谢华
请别离开我,黑龙
请到草原来,呼斯楞
请喝一杯下马酒,降央卓玛
请把我在路上叫醒,汪峰
诺,"杨洋,李炜"
课桌上的青春,Xun
谁不说俺家乡好,彭丽媛
谁为谁流泪,韩宝仪
谁在意我流下的泪,蒋雪儿
谁才是你今生最爱的人DJ版,何龙雨
谁料皇榜中状元,严凤英
谁料皇榜中状元,卓依婷
谁是我的新娘,衡越
谁见过梦中的草原梦中的河(原创),降央卓玛
谁让我爱上你,汤潮
谁都不要说分手,"冷漠,龙梅子"
谁都不要说分手-快三开心,"龙梅子,冷漠"
谎言(???),BigBang
谎言之躯,汪峰
谢小宇内蒙古黑怕,MC
谢谢你让我这么爱你,柯以敏
谢谢侬(国语),陈奕迅
谢谢我的爱人,山口百惠
贝多芬病毒,贝多芬
贝多芬的悲伤,萧风
贝多芬的悲伤,郑毅
负心的你,林翠萍
财神来到我家门,卓依婷
败类,网络歌手
赤裸裸的离开,"龙梅子,老猫"
赤道和北极,王雅洁
走不近的爱,带泪的鱼
走出你的世界我更寂寞DJQQ,樊少华
走出你的世界我更寂寞DJ阿圣,樊少华
走出喜玛拉雅,琼雪卓玛
走在乡间的小路上,卓依婷
走样,张宇
走过咖啡屋,张蔷
走过咖啡屋,王雅洁
走进新时代,卓依婷
走进西藏,李娜
赶生灵,云飞
赶着马车去北京,MC
趁早(2005版),张宇
超越梦想,汪正正
越单纯越幸福,王筝
越来越好,宋祖英
跪羊图,网络歌手
跳起来唱起来,玖月奇迹
踏古,林海
蹦吧啦,DJ舞曲
蹦吧啦BoBaLa,DJ小可
轮回之境,CRITTY
轻易伤害我(dj版),沈世爱
轻轻听,基督教歌曲
辣妹子,宋祖英
过了很久,白智英
运动员进行曲,中国人民解放军军乐团
运命のル`レットhして,名侦探柯南
还好,东南
还有一个,金泰妍
这一拜(桃园结义歌),刘欢
这一次我是真的失去了你,李泽坚
这一次我是真的失去了你,李泽坚
这一生最美的祝福,巫启贤
这个女生有点拽,带泪的鱼
这个女生有点拽,带泪的鱼
这山这水,降央卓玛
这感觉怎么样,汪峰
这支烟灭了以后,张静波
这样的孤单,汪峰
这片海,顾莉雅
这片草原,降央卓玛
远方的我在等着你,天堂飘雪
远飞的大雁,降央卓玛
连哭都是我的错,东来东往
连续剧,容祖儿
连续混音精选60分钟,罗百吉
迷人的危险-紫色迷情,DanceFlow
迷失的纯真（DJ版）,张祥洪
迷茫的爱,"郭玲,冷漠"
追风少年,吴奇隆
逆光飞翔,范逸臣
透过开满鲜花的月亮,林依轮
逝去的日子,Beyond
造物弄人,冷漠
逢场作戏,本兮
遇见你是我的缘,高胜美
遇见我,曹方
遗物(电视剧《法外风云》主题曲),许廷铿
遥远的呼唤,央金拉姆
那丝也有春天,大鹏
那个女人,谢华
那个女人,白智英
那个女孩(电影《前任攻略》主题曲),韩庚
那个男人(Live),张碧晨
那个男人的谎言,TaeIn
那么美,杨坤
那些年我们一起追过的女孩,李行亮
那时候的我,刘惜君
那时候的我们,李贵府
那样的你,宝儿
那滋味,汤潮
邻妹妹爱上假宝玉,周艳泓
邻家美眉,王绎龙
都市情缘,云菲菲
都怪太爱你,黑龙
都是寂寞犯的错DJQQ,樊少华
都是缘分惹的祸,安东阳
都是酒精惹的祸DJ版,何龙雨
都是酒精惹的祸DJ舞曲,何龙雨
酒后更想你,高安
酸酸甜甜就是我,张含韵
醉后的心碎,大庆小芳
醉梦仙霖,董贞
采茶舞曲(浙江民歌调),李玲玉
采蘑菇的小姑娘,小蓓蕾组合
金玉良缘(电视剧《金玉良缘》主题曲),李琦
金瓶似的小山,降央卓玛
金秀贤-相爱不可以吗韩剧DreamHigh插曲清唱版,金秀贤
金达莱花,网络歌手
钓鱼岛是中国的,dj舞曲
钞票,迟志强
钢琴曲梁祝,群星
钢琴独奏,天空之城
钢铁是眼泪炼成的,任维
铁窗泪,"迟志强,张秀艳"
铁齿铜牙纪晓岚,戴娆
铃儿响叮当,儿童歌曲
铃儿响叮当-英文童声版,圣诞歌曲
锄禾日当午,小蓓蕾组合
错位节拍,"单色凌,何艺纱"
错爱情歌,庄心妍
错误的爱,韩宝仪
错误的相遇,徐洁儿
错过了缘分错过了你,司徒兰芳
错过了缘分错过了你,冷漠
错过了缘分错过了你,何龙雨
错过了缘分错过了你DJ版,何龙雨
错过了缘分错过你,何龙雨
错过了缘分错过你伦巴舞曲,何龙雨
锦鲤抄,银临
长城长,董文华
长江之歌,殷秀梅
长痛不如短痛,汤潮
长路漫漫任我闯,林子祥
问剑,董贞
问情,江淑娜
闲云孤鹤,刘星
阳光照进回忆里,逃跑计划
阿佤人民唱新歌,黑鸭子
阿哥阿妹,谢军
阿娜尔罕,阿不都拉
阿弥陀佛,白玛多吉
阿弥陀佛,佛曲
阿弥陀佛在心间,龚h
阿弥陀佛心咒-地藏经唱诵版,佛教音乐
阿狼,任军太
阿猫阿狗,陈奕迅
除了你,韩宝仪
除了春天爱情和樱花(???????),"High4,IU"
陪你走到底,张靓颖
陪月亮不孤单,龙梅子
随缘,原声大碟
随遇而安,黄沾
隐形的第三者,简红
隐身守候,孙子涵
隔世离空的红颜,侃侃
难忘初恋的情人(国语),邓丽君
难念的经-经典著作天龙八部主题曲,周华健
难道爱一个人有错吗,郑源
雄心无泪,龙梅子
雅鲁藏布江,乌兰图雅
雕花笼,董贞
雨中慢摇,DJ小可
雨中漫步,TheDaydream
雨中飘荡的回忆,刀郎
雨中飘荡的回忆,降央卓玛
雨宗林-过期的爱情电视剧最美的时光片尾曲,雨宗林
雨的印记,"伤感,背景音乐"
雨的秘密,温岚
雨花石-石头合唱,李玉刚
雨花石-魔喉石头amp,"李玉刚,石头"
雨落长安,金琳
雨葵,石进
雨还是不停的落下,孙燕姿
雪之华,中岛美嘉
雪之梦,Bandari
雪之花,朴孝信
雪域的祝福,央金兰泽
雪撬,胎教音乐
露馅了吧(?????),15＆
青春无悔,"老狼,叶蓓"
青春日记,沙宝亮
青石的街道向晚,范宗沛
青藏女孩,白玛多吉
青蛙大嘴巴,小蓓蕾组合
青蛙跳下水,小蓓蕾组合
青衣,马天宇
静心极乐,空雨
靠近一点点,梁心颐
靠近（DJ版）,徐良
面具(中文版),安七炫
韩毒,DJ舞曲
音乐,罗百吉
音乐瞬间,舒伯特
音浪,黄立行
顺流、逆流,徐小凤
预谋-许佳慧cashdjmcqremix女club,DJ
预谋dj皮卡丘可爱版,佚名
风中奇缘,西单女孩
风中有朵雨做的云(Live),"杨钰莹,孟庭苇"
风中的额吉,呼斯楞
风云2,屠洪刚
风华燃尽-指间砂,少司命
风含情水含笑,杨钰莹
风吹过的街道,钢琴曲
风姿花传,谷村新司
风的颜色,"赵咏华,李正帆"
风起天阑,河图
风雨人生,韩磊
风雨彩虹铿锵玫瑰,田震
飞呀飞,龙梅子
飞天,含笑
飞天,含笑
飞羽,"董贞,崔岩"
马背上的柔情,草原歌曲
驼铃,降央卓玛
驼铃,蒋大为
骄傲的大公鸡,小蓓蕾组合
骆驼之歌-王小黑,MC
高原蓝,龚h
鬼步舞曲,dj舞曲
魅力无限,孙悦
魅妆,简红
魅惑钢琴,钢琴曲
魔兽世界-游戏原声,亡灵序曲
魔力无限,王绎龙
鱼儿和水,黑龙
鱼水情歌,陈瑞
鱼的眼泪只有水知道,谢华
鸟之诗,初音未来
鸟叔-绅士,鸟叔
鸽子,宋冬野
鸽子情缘(鸽子园主题曲)(粤),刘德华
鹅鹅鹅,小蓓蕾组合
鹊桥汇,花儿乐队
鹿港小镇,罗大佑
麻木-2013最新串烧电音喊麦www.y2002.com,MC
麻木-2013经典语言不一样的节奏,MC
麻木-x8飞曲好听也好玩麻木作品mp326,MC
麻花辫子,郑智化
黄叶舞春风,罗百吉
黄土地上,皆大欢喜
黄土高坡,李娜
黄土高坡,杭天琪
黄河大合唱,张真
黎明的曙光,何瑶
黑暗中的舞者(蒙语),代青塔娜
黑色,带泪的鱼
黑色,带泪的鱼
黑色柳丁,陶
黑骏马,乌兰托娅
龙猫,宫崎骏
龙电天下,王绎龙
